Version.[Version Name],Time.[Week],Stat R Attribute Week
CurrentWorkingView,31-Dec-18,31-Dec-18|31-Dec-18|Jan-P19|Q1-P19|12/31/2018 12:00:00 AM|12/31/2018 12:00:00 AM|12/31/2018 12:00:00 AM|12/31/2018 12:00:00 AM
CurrentWorkingView,07-Jan-19,07-Jan-19|07-Jan-19|Jan-P19|Q1-P19|1/7/2019 12:00:00 AM|1/7/2019 12:00:00 AM|12/31/2018 12:00:00 AM|12/31/2018 12:00:00 AM
CurrentWorkingView,14-Jan-19,14-Jan-19|14-Jan-19|Jan-P19|Q1-P19|1/14/2019 12:00:00 AM|1/14/2019 12:00:00 AM|12/31/2018 12:00:00 AM|12/31/2018 12:00:00 AM
CurrentWorkingView,21-Jan-19,21-Jan-19|21-Jan-19|Jan-P19|Q1-P19|1/21/2019 12:00:00 AM|1/21/2019 12:00:00 AM|12/31/2018 12:00:00 AM|12/31/2018 12:00:00 AM
CurrentWorkingView,28-Jan-19,28-Jan-19|28-Jan-19|Feb-P19|Q1-P19|1/28/2019 12:00:00 AM|1/28/2019 12:00:00 AM|1/28/2019 12:00:00 AM|12/31/2018 12:00:00 AM
CurrentWorkingView,04-Feb-19,04-Feb-19|04-Feb-19|Feb-P19|Q1-P19|2/4/2019 12:00:00 AM|2/4/2019 12:00:00 AM|1/28/2019 12:00:00 AM|12/31/2018 12:00:00 AM
CurrentWorkingView,11-Feb-19,11-Feb-19|11-Feb-19|Feb-P19|Q1-P19|2/11/2019 12:00:00 AM|2/11/2019 12:00:00 AM|1/28/2019 12:00:00 AM|12/31/2018 12:00:00 AM
CurrentWorkingView,18-Feb-19,18-Feb-19|18-Feb-19|Feb-P19|Q1-P19|2/18/2019 12:00:00 AM|2/18/2019 12:00:00 AM|1/28/2019 12:00:00 AM|12/31/2018 12:00:00 AM
CurrentWorkingView,25-Feb-19,25-Feb-19|25-Feb-19|Mar-P19|Q1-P19|2/25/2019 12:00:00 AM|2/25/2019 12:00:00 AM|2/25/2019 12:00:00 AM|12/31/2018 12:00:00 AM
CurrentWorkingView,04-Mar-19,04-Mar-19|04-Mar-19|Mar-P19|Q1-P19|3/4/2019 12:00:00 AM|3/4/2019 12:00:00 AM|2/25/2019 12:00:00 AM|12/31/2018 12:00:00 AM
CurrentWorkingView,11-Mar-19,11-Mar-19|11-Mar-19|Mar-P19|Q1-P19|3/11/2019 12:00:00 AM|3/11/2019 12:00:00 AM|2/25/2019 12:00:00 AM|12/31/2018 12:00:00 AM
CurrentWorkingView,18-Mar-19,18-Mar-19|18-Mar-19|Mar-P19|Q1-P19|3/18/2019 12:00:00 AM|3/18/2019 12:00:00 AM|2/25/2019 12:00:00 AM|12/31/2018 12:00:00 AM
CurrentWorkingView,25-Mar-19,25-Mar-19|25-Mar-19|Mar-P19|Q1-P19|3/25/2019 12:00:00 AM|3/25/2019 12:00:00 AM|2/25/2019 12:00:00 AM|12/31/2018 12:00:00 AM
CurrentWorkingView,01-Apr-19,01-Apr-19|01-Apr-19|Apr-P19|Q2-P19|4/1/2019 12:00:00 AM|4/1/2019 12:00:00 AM|4/1/2019 12:00:00 AM|4/1/2019 12:00:00 AM
CurrentWorkingView,08-Apr-19,08-Apr-19|08-Apr-19|Apr-P19|Q2-P19|4/8/2019 12:00:00 AM|4/8/2019 12:00:00 AM|4/1/2019 12:00:00 AM|4/1/2019 12:00:00 AM
CurrentWorkingView,15-Apr-19,15-Apr-19|15-Apr-19|Apr-P19|Q2-P19|4/15/2019 12:00:00 AM|4/15/2019 12:00:00 AM|4/1/2019 12:00:00 AM|4/1/2019 12:00:00 AM
CurrentWorkingView,22-Apr-19,22-Apr-19|22-Apr-19|Apr-P19|Q2-P19|4/22/2019 12:00:00 AM|4/22/2019 12:00:00 AM|4/1/2019 12:00:00 AM|4/1/2019 12:00:00 AM
CurrentWorkingView,29-Apr-19,29-Apr-19|29-Apr-19|May-P19|Q2-P19|4/29/2019 12:00:00 AM|4/29/2019 12:00:00 AM|4/29/2019 12:00:00 AM|4/1/2019 12:00:00 AM
CurrentWorkingView,06-May-19,06-May-19|06-May-19|May-P19|Q2-P19|5/6/2019 12:00:00 AM|5/6/2019 12:00:00 AM|4/29/2019 12:00:00 AM|4/1/2019 12:00:00 AM
CurrentWorkingView,13-May-19,13-May-19|13-May-19|May-P19|Q2-P19|5/13/2019 12:00:00 AM|5/13/2019 12:00:00 AM|4/29/2019 12:00:00 AM|4/1/2019 12:00:00 AM
CurrentWorkingView,20-May-19,20-May-19|20-May-19|May-P19|Q2-P19|5/20/2019 12:00:00 AM|5/20/2019 12:00:00 AM|4/29/2019 12:00:00 AM|4/1/2019 12:00:00 AM
CurrentWorkingView,27-May-19,27-May-19|27-May-19|Jun-P19|Q2-P19|5/27/2019 12:00:00 AM|5/27/2019 12:00:00 AM|5/27/2019 12:00:00 AM|4/1/2019 12:00:00 AM
CurrentWorkingView,03-Jun-19,03-Jun-19|03-Jun-19|Jun-P19|Q2-P19|6/3/2019 12:00:00 AM|6/3/2019 12:00:00 AM|5/27/2019 12:00:00 AM|4/1/2019 12:00:00 AM
CurrentWorkingView,10-Jun-19,10-Jun-19|10-Jun-19|Jun-P19|Q2-P19|6/10/2019 12:00:00 AM|6/10/2019 12:00:00 AM|5/27/2019 12:00:00 AM|4/1/2019 12:00:00 AM
CurrentWorkingView,17-Jun-19,17-Jun-19|17-Jun-19|Jun-P19|Q2-P19|6/17/2019 12:00:00 AM|6/17/2019 12:00:00 AM|5/27/2019 12:00:00 AM|4/1/2019 12:00:00 AM
CurrentWorkingView,24-Jun-19,24-Jun-19|24-Jun-19|Jun-P19|Q2-P19|6/24/2019 12:00:00 AM|6/24/2019 12:00:00 AM|5/27/2019 12:00:00 AM|4/1/2019 12:00:00 AM
CurrentWorkingView,01-Jul-19,01-Jul-19|01-Jul-19|Jul-P19|Q3-P19|7/1/2019 12:00:00 AM|7/1/2019 12:00:00 AM|7/1/2019 12:00:00 AM|7/1/2019 12:00:00 AM
CurrentWorkingView,08-Jul-19,08-Jul-19|08-Jul-19|Jul-P19|Q3-P19|7/8/2019 12:00:00 AM|7/8/2019 12:00:00 AM|7/1/2019 12:00:00 AM|7/1/2019 12:00:00 AM
CurrentWorkingView,15-Jul-19,15-Jul-19|15-Jul-19|Jul-P19|Q3-P19|7/15/2019 12:00:00 AM|7/15/2019 12:00:00 AM|7/1/2019 12:00:00 AM|7/1/2019 12:00:00 AM
CurrentWorkingView,22-Jul-19,22-Jul-19|22-Jul-19|Jul-P19|Q3-P19|7/22/2019 12:00:00 AM|7/22/2019 12:00:00 AM|7/1/2019 12:00:00 AM|7/1/2019 12:00:00 AM
CurrentWorkingView,29-Jul-19,29-Jul-19|29-Jul-19|Aug-P19|Q3-P19|7/29/2019 12:00:00 AM|7/29/2019 12:00:00 AM|7/29/2019 12:00:00 AM|7/1/2019 12:00:00 AM
CurrentWorkingView,05-Aug-19,05-Aug-19|05-Aug-19|Aug-P19|Q3-P19|8/5/2019 12:00:00 AM|8/5/2019 12:00:00 AM|7/29/2019 12:00:00 AM|7/1/2019 12:00:00 AM
CurrentWorkingView,12-Aug-19,12-Aug-19|12-Aug-19|Aug-P19|Q3-P19|8/12/2019 12:00:00 AM|8/12/2019 12:00:00 AM|7/29/2019 12:00:00 AM|7/1/2019 12:00:00 AM
CurrentWorkingView,19-Aug-19,19-Aug-19|19-Aug-19|Aug-P19|Q3-P19|8/19/2019 12:00:00 AM|8/19/2019 12:00:00 AM|7/29/2019 12:00:00 AM|7/1/2019 12:00:00 AM
CurrentWorkingView,26-Aug-19,26-Aug-19|26-Aug-19|Sep-P19|Q3-P19|8/26/2019 12:00:00 AM|8/26/2019 12:00:00 AM|8/26/2019 12:00:00 AM|7/1/2019 12:00:00 AM
CurrentWorkingView,02-Sep-19,02-Sep-19|02-Sep-19|Sep-P19|Q3-P19|9/2/2019 12:00:00 AM|9/2/2019 12:00:00 AM|8/26/2019 12:00:00 AM|7/1/2019 12:00:00 AM
CurrentWorkingView,09-Sep-19,09-Sep-19|09-Sep-19|Sep-P19|Q3-P19|9/9/2019 12:00:00 AM|9/9/2019 12:00:00 AM|8/26/2019 12:00:00 AM|7/1/2019 12:00:00 AM
CurrentWorkingView,16-Sep-19,16-Sep-19|16-Sep-19|Sep-P19|Q3-P19|9/16/2019 12:00:00 AM|9/16/2019 12:00:00 AM|8/26/2019 12:00:00 AM|7/1/2019 12:00:00 AM
CurrentWorkingView,23-Sep-19,23-Sep-19|23-Sep-19|Sep-P19|Q3-P19|9/23/2019 12:00:00 AM|9/23/2019 12:00:00 AM|8/26/2019 12:00:00 AM|7/1/2019 12:00:00 AM
CurrentWorkingView,30-Sep-19,30-Sep-19|30-Sep-19|Oct-P19|Q4-P19|9/30/2019 12:00:00 AM|9/30/2019 12:00:00 AM|9/30/2019 12:00:00 AM|9/30/2019 12:00:00 AM
CurrentWorkingView,07-Oct-19,07-Oct-19|07-Oct-19|Oct-P19|Q4-P19|10/7/2019 12:00:00 AM|10/7/2019 12:00:00 AM|9/30/2019 12:00:00 AM|9/30/2019 12:00:00 AM
CurrentWorkingView,14-Oct-19,14-Oct-19|14-Oct-19|Oct-P19|Q4-P19|10/14/2019 12:00:00 AM|10/14/2019 12:00:00 AM|9/30/2019 12:00:00 AM|9/30/2019 12:00:00 AM
CurrentWorkingView,21-Oct-19,21-Oct-19|21-Oct-19|Oct-P19|Q4-P19|10/21/2019 12:00:00 AM|10/21/2019 12:00:00 AM|9/30/2019 12:00:00 AM|9/30/2019 12:00:00 AM
CurrentWorkingView,28-Oct-19,28-Oct-19|28-Oct-19|Nov-P19|Q4-P19|10/28/2019 12:00:00 AM|10/28/2019 12:00:00 AM|10/28/2019 12:00:00 AM|9/30/2019 12:00:00 AM
CurrentWorkingView,04-Nov-19,04-Nov-19|04-Nov-19|Nov-P19|Q4-P19|11/4/2019 12:00:00 AM|11/4/2019 12:00:00 AM|10/28/2019 12:00:00 AM|9/30/2019 12:00:00 AM
CurrentWorkingView,11-Nov-19,11-Nov-19|11-Nov-19|Nov-P19|Q4-P19|11/11/2019 12:00:00 AM|11/11/2019 12:00:00 AM|10/28/2019 12:00:00 AM|9/30/2019 12:00:00 AM
CurrentWorkingView,18-Nov-19,18-Nov-19|18-Nov-19|Nov-P19|Q4-P19|11/18/2019 12:00:00 AM|11/18/2019 12:00:00 AM|10/28/2019 12:00:00 AM|9/30/2019 12:00:00 AM
CurrentWorkingView,25-Nov-19,25-Nov-19|25-Nov-19|Dec-P19|Q4-P19|11/25/2019 12:00:00 AM|11/25/2019 12:00:00 AM|11/25/2019 12:00:00 AM|9/30/2019 12:00:00 AM
CurrentWorkingView,02-Dec-19,02-Dec-19|02-Dec-19|Dec-P19|Q4-P19|12/2/2019 12:00:00 AM|12/2/2019 12:00:00 AM|11/25/2019 12:00:00 AM|9/30/2019 12:00:00 AM
CurrentWorkingView,09-Dec-19,09-Dec-19|09-Dec-19|Dec-P19|Q4-P19|12/9/2019 12:00:00 AM|12/9/2019 12:00:00 AM|11/25/2019 12:00:00 AM|9/30/2019 12:00:00 AM
CurrentWorkingView,16-Dec-19,16-Dec-19|16-Dec-19|Dec-P19|Q4-P19|12/16/2019 12:00:00 AM|12/16/2019 12:00:00 AM|11/25/2019 12:00:00 AM|9/30/2019 12:00:00 AM
CurrentWorkingView,23-Dec-19,23-Dec-19|23-Dec-19|Dec-P19|Q4-P19|12/23/2019 12:00:00 AM|12/23/2019 12:00:00 AM|11/25/2019 12:00:00 AM|9/30/2019 12:00:00 AM
CurrentWorkingView,30-Dec-19,30-Dec-19|30-Dec-19|Jan-P20|Q1-P20|12/30/2019 12:00:00 AM|12/30/2019 12:00:00 AM|12/30/2019 12:00:00 AM|12/30/2019 12:00:00 AM
CurrentWorkingView,06-Jan-20,06-Jan-20|06-Jan-20|Jan-P20|Q1-P20|1/6/2020 12:00:00 AM|1/6/2020 12:00:00 AM|12/30/2019 12:00:00 AM|12/30/2019 12:00:00 AM
CurrentWorkingView,13-Jan-20,13-Jan-20|13-Jan-20|Jan-P20|Q1-P20|1/13/2020 12:00:00 AM|1/13/2020 12:00:00 AM|12/30/2019 12:00:00 AM|12/30/2019 12:00:00 AM
CurrentWorkingView,20-Jan-20,20-Jan-20|20-Jan-20|Jan-P20|Q1-P20|1/20/2020 12:00:00 AM|1/20/2020 12:00:00 AM|12/30/2019 12:00:00 AM|12/30/2019 12:00:00 AM
CurrentWorkingView,27-Jan-20,27-Jan-20|27-Jan-20|Feb-P20|Q1-P20|1/27/2020 12:00:00 AM|1/27/2020 12:00:00 AM|1/27/2020 12:00:00 AM|12/30/2019 12:00:00 AM
CurrentWorkingView,03-Feb-20,03-Feb-20|03-Feb-20|Feb-P20|Q1-P20|2/3/2020 12:00:00 AM|2/3/2020 12:00:00 AM|1/27/2020 12:00:00 AM|12/30/2019 12:00:00 AM
CurrentWorkingView,10-Feb-20,10-Feb-20|10-Feb-20|Feb-P20|Q1-P20|2/10/2020 12:00:00 AM|2/10/2020 12:00:00 AM|1/27/2020 12:00:00 AM|12/30/2019 12:00:00 AM
CurrentWorkingView,17-Feb-20,17-Feb-20|17-Feb-20|Feb-P20|Q1-P20|2/17/2020 12:00:00 AM|2/17/2020 12:00:00 AM|1/27/2020 12:00:00 AM|12/30/2019 12:00:00 AM
CurrentWorkingView,24-Feb-20,24-Feb-20|24-Feb-20|Mar-P20|Q1-P20|2/24/2020 12:00:00 AM|2/24/2020 12:00:00 AM|2/24/2020 12:00:00 AM|12/30/2019 12:00:00 AM
CurrentWorkingView,02-Mar-20,02-Mar-20|02-Mar-20|Mar-P20|Q1-P20|3/2/2020 12:00:00 AM|3/2/2020 12:00:00 AM|2/24/2020 12:00:00 AM|12/30/2019 12:00:00 AM
CurrentWorkingView,09-Mar-20,09-Mar-20|09-Mar-20|Mar-P20|Q1-P20|3/9/2020 12:00:00 AM|3/9/2020 12:00:00 AM|2/24/2020 12:00:00 AM|12/30/2019 12:00:00 AM
CurrentWorkingView,16-Mar-20,16-Mar-20|16-Mar-20|Mar-P20|Q1-P20|3/16/2020 12:00:00 AM|3/16/2020 12:00:00 AM|2/24/2020 12:00:00 AM|12/30/2019 12:00:00 AM
CurrentWorkingView,23-Mar-20,23-Mar-20|23-Mar-20|Mar-P20|Q1-P20|3/23/2020 12:00:00 AM|3/23/2020 12:00:00 AM|2/24/2020 12:00:00 AM|12/30/2019 12:00:00 AM
CurrentWorkingView,30-Mar-20,30-Mar-20|30-Mar-20|Apr-P20|Q2-P20|3/30/2020 12:00:00 AM|3/30/2020 12:00:00 AM|3/30/2020 12:00:00 AM|3/30/2020 12:00:00 AM
CurrentWorkingView,06-Apr-20,06-Apr-20|06-Apr-20|Apr-P20|Q2-P20|4/6/2020 12:00:00 AM|4/6/2020 12:00:00 AM|3/30/2020 12:00:00 AM|3/30/2020 12:00:00 AM
CurrentWorkingView,13-Apr-20,13-Apr-20|13-Apr-20|Apr-P20|Q2-P20|4/13/2020 12:00:00 AM|4/13/2020 12:00:00 AM|3/30/2020 12:00:00 AM|3/30/2020 12:00:00 AM
CurrentWorkingView,20-Apr-20,20-Apr-20|20-Apr-20|Apr-P20|Q2-P20|4/20/2020 12:00:00 AM|4/20/2020 12:00:00 AM|3/30/2020 12:00:00 AM|3/30/2020 12:00:00 AM
CurrentWorkingView,27-Apr-20,27-Apr-20|27-Apr-20|May-P20|Q2-P20|4/27/2020 12:00:00 AM|4/27/2020 12:00:00 AM|4/27/2020 12:00:00 AM|3/30/2020 12:00:00 AM
CurrentWorkingView,04-May-20,04-May-20|04-May-20|May-P20|Q2-P20|5/4/2020 12:00:00 AM|5/4/2020 12:00:00 AM|4/27/2020 12:00:00 AM|3/30/2020 12:00:00 AM
CurrentWorkingView,11-May-20,11-May-20|11-May-20|May-P20|Q2-P20|5/11/2020 12:00:00 AM|5/11/2020 12:00:00 AM|4/27/2020 12:00:00 AM|3/30/2020 12:00:00 AM
CurrentWorkingView,18-May-20,18-May-20|18-May-20|May-P20|Q2-P20|5/18/2020 12:00:00 AM|5/18/2020 12:00:00 AM|4/27/2020 12:00:00 AM|3/30/2020 12:00:00 AM
CurrentWorkingView,25-May-20,25-May-20|25-May-20|Jun-P20|Q2-P20|5/25/2020 12:00:00 AM|5/25/2020 12:00:00 AM|5/25/2020 12:00:00 AM|3/30/2020 12:00:00 AM
CurrentWorkingView,01-Jun-20,01-Jun-20|01-Jun-20|Jun-P20|Q2-P20|6/1/2020 12:00:00 AM|6/1/2020 12:00:00 AM|5/25/2020 12:00:00 AM|3/30/2020 12:00:00 AM
CurrentWorkingView,08-Jun-20,08-Jun-20|08-Jun-20|Jun-P20|Q2-P20|6/8/2020 12:00:00 AM|6/8/2020 12:00:00 AM|5/25/2020 12:00:00 AM|3/30/2020 12:00:00 AM
CurrentWorkingView,15-Jun-20,15-Jun-20|15-Jun-20|Jun-P20|Q2-P20|6/15/2020 12:00:00 AM|6/15/2020 12:00:00 AM|5/25/2020 12:00:00 AM|3/30/2020 12:00:00 AM
CurrentWorkingView,22-Jun-20,22-Jun-20|22-Jun-20|Jun-P20|Q2-P20|6/22/2020 12:00:00 AM|6/22/2020 12:00:00 AM|5/25/2020 12:00:00 AM|3/30/2020 12:00:00 AM
CurrentWorkingView,29-Jun-20,29-Jun-20|29-Jun-20|Jul-P20|Q3-P20|6/29/2020 12:00:00 AM|6/29/2020 12:00:00 AM|6/29/2020 12:00:00 AM|6/29/2020 12:00:00 AM
CurrentWorkingView,06-Jul-20,06-Jul-20|06-Jul-20|Jul-P20|Q3-P20|7/6/2020 12:00:00 AM|7/6/2020 12:00:00 AM|6/29/2020 12:00:00 AM|6/29/2020 12:00:00 AM
CurrentWorkingView,13-Jul-20,13-Jul-20|13-Jul-20|Jul-P20|Q3-P20|7/13/2020 12:00:00 AM|7/13/2020 12:00:00 AM|6/29/2020 12:00:00 AM|6/29/2020 12:00:00 AM
CurrentWorkingView,20-Jul-20,20-Jul-20|20-Jul-20|Jul-P20|Q3-P20|7/20/2020 12:00:00 AM|7/20/2020 12:00:00 AM|6/29/2020 12:00:00 AM|6/29/2020 12:00:00 AM
CurrentWorkingView,27-Jul-20,27-Jul-20|27-Jul-20|Aug-P20|Q3-P20|7/27/2020 12:00:00 AM|7/27/2020 12:00:00 AM|7/27/2020 12:00:00 AM|6/29/2020 12:00:00 AM
CurrentWorkingView,03-Aug-20,03-Aug-20|03-Aug-20|Aug-P20|Q3-P20|8/3/2020 12:00:00 AM|8/3/2020 12:00:00 AM|7/27/2020 12:00:00 AM|6/29/2020 12:00:00 AM
CurrentWorkingView,10-Aug-20,10-Aug-20|10-Aug-20|Aug-P20|Q3-P20|8/10/2020 12:00:00 AM|8/10/2020 12:00:00 AM|7/27/2020 12:00:00 AM|6/29/2020 12:00:00 AM
CurrentWorkingView,17-Aug-20,17-Aug-20|17-Aug-20|Aug-P20|Q3-P20|8/17/2020 12:00:00 AM|8/17/2020 12:00:00 AM|7/27/2020 12:00:00 AM|6/29/2020 12:00:00 AM
CurrentWorkingView,24-Aug-20,24-Aug-20|24-Aug-20|Sep-P20|Q3-P20|8/24/2020 12:00:00 AM|8/24/2020 12:00:00 AM|8/24/2020 12:00:00 AM|6/29/2020 12:00:00 AM
CurrentWorkingView,31-Aug-20,31-Aug-20|31-Aug-20|Sep-P20|Q3-P20|8/31/2020 12:00:00 AM|8/31/2020 12:00:00 AM|8/24/2020 12:00:00 AM|6/29/2020 12:00:00 AM
CurrentWorkingView,07-Sep-20,07-Sep-20|07-Sep-20|Sep-P20|Q3-P20|9/7/2020 12:00:00 AM|9/7/2020 12:00:00 AM|8/24/2020 12:00:00 AM|6/29/2020 12:00:00 AM
CurrentWorkingView,14-Sep-20,14-Sep-20|14-Sep-20|Sep-P20|Q3-P20|9/14/2020 12:00:00 AM|9/14/2020 12:00:00 AM|8/24/2020 12:00:00 AM|6/29/2020 12:00:00 AM
CurrentWorkingView,21-Sep-20,21-Sep-20|21-Sep-20|Sep-P20|Q3-P20|9/21/2020 12:00:00 AM|9/21/2020 12:00:00 AM|8/24/2020 12:00:00 AM|6/29/2020 12:00:00 AM
CurrentWorkingView,28-Sep-20,28-Sep-20|28-Sep-20|Oct-P20|Q4-P20|9/28/2020 12:00:00 AM|9/28/2020 12:00:00 AM|9/28/2020 12:00:00 AM|9/28/2020 12:00:00 AM
CurrentWorkingView,05-Oct-20,05-Oct-20|05-Oct-20|Oct-P20|Q4-P20|10/5/2020 12:00:00 AM|10/5/2020 12:00:00 AM|9/28/2020 12:00:00 AM|9/28/2020 12:00:00 AM
CurrentWorkingView,12-Oct-20,12-Oct-20|12-Oct-20|Oct-P20|Q4-P20|10/12/2020 12:00:00 AM|10/12/2020 12:00:00 AM|9/28/2020 12:00:00 AM|9/28/2020 12:00:00 AM
CurrentWorkingView,19-Oct-20,19-Oct-20|19-Oct-20|Oct-P20|Q4-P20|10/19/2020 12:00:00 AM|10/19/2020 12:00:00 AM|9/28/2020 12:00:00 AM|9/28/2020 12:00:00 AM
CurrentWorkingView,26-Oct-20,26-Oct-20|26-Oct-20|Nov-P20|Q4-P20|10/26/2020 12:00:00 AM|10/26/2020 12:00:00 AM|10/26/2020 12:00:00 AM|9/28/2020 12:00:00 AM
CurrentWorkingView,02-Nov-20,02-Nov-20|02-Nov-20|Nov-P20|Q4-P20|11/2/2020 12:00:00 AM|11/2/2020 12:00:00 AM|10/26/2020 12:00:00 AM|9/28/2020 12:00:00 AM
CurrentWorkingView,09-Nov-20,09-Nov-20|09-Nov-20|Nov-P20|Q4-P20|11/9/2020 12:00:00 AM|11/9/2020 12:00:00 AM|10/26/2020 12:00:00 AM|9/28/2020 12:00:00 AM
CurrentWorkingView,16-Nov-20,16-Nov-20|16-Nov-20|Nov-P20|Q4-P20|11/16/2020 12:00:00 AM|11/16/2020 12:00:00 AM|10/26/2020 12:00:00 AM|9/28/2020 12:00:00 AM
CurrentWorkingView,23-Nov-20,23-Nov-20|23-Nov-20|Dec-P20|Q4-P20|11/23/2020 12:00:00 AM|11/23/2020 12:00:00 AM|11/23/2020 12:00:00 AM|9/28/2020 12:00:00 AM
CurrentWorkingView,30-Nov-20,30-Nov-20|30-Nov-20|Dec-P20|Q4-P20|11/30/2020 12:00:00 AM|11/30/2020 12:00:00 AM|11/23/2020 12:00:00 AM|9/28/2020 12:00:00 AM
CurrentWorkingView,07-Dec-20,07-Dec-20|07-Dec-20|Dec-P20|Q4-P20|12/7/2020 12:00:00 AM|12/7/2020 12:00:00 AM|11/23/2020 12:00:00 AM|9/28/2020 12:00:00 AM
CurrentWorkingView,14-Dec-20,14-Dec-20|14-Dec-20|Dec-P20|Q4-P20|12/14/2020 12:00:00 AM|12/14/2020 12:00:00 AM|11/23/2020 12:00:00 AM|9/28/2020 12:00:00 AM
CurrentWorkingView,21-Dec-20,21-Dec-20|21-Dec-20|Dec-P20|Q4-P20|12/21/2020 12:00:00 AM|12/21/2020 12:00:00 AM|11/23/2020 12:00:00 AM|9/28/2020 12:00:00 AM
CurrentWorkingView,28-Dec-20,28-Dec-20|28-Dec-20|Jan-P21|Q1-P21|12/28/2020 12:00:00 AM|12/28/2020 12:00:00 AM|12/28/2020 12:00:00 AM|12/28/2020 12:00:00 AM
CurrentWorkingView,04-Jan-21,04-Jan-21|04-Jan-21|Jan-P21|Q1-P21|1/4/2021 12:00:00 AM|1/4/2021 12:00:00 AM|12/28/2020 12:00:00 AM|12/28/2020 12:00:00 AM
CurrentWorkingView,11-Jan-21,11-Jan-21|11-Jan-21|Jan-P21|Q1-P21|1/11/2021 12:00:00 AM|1/11/2021 12:00:00 AM|12/28/2020 12:00:00 AM|12/28/2020 12:00:00 AM
CurrentWorkingView,18-Jan-21,18-Jan-21|18-Jan-21|Jan-P21|Q1-P21|1/18/2021 12:00:00 AM|1/18/2021 12:00:00 AM|12/28/2020 12:00:00 AM|12/28/2020 12:00:00 AM
CurrentWorkingView,25-Jan-21,25-Jan-21|25-Jan-21|Feb-P21|Q1-P21|1/25/2021 12:00:00 AM|1/25/2021 12:00:00 AM|1/25/2021 12:00:00 AM|12/28/2020 12:00:00 AM
CurrentWorkingView,01-Feb-21,01-Feb-21|01-Feb-21|Feb-P21|Q1-P21|2/1/2021 12:00:00 AM|2/1/2021 12:00:00 AM|1/25/2021 12:00:00 AM|12/28/2020 12:00:00 AM
CurrentWorkingView,08-Feb-21,08-Feb-21|08-Feb-21|Feb-P21|Q1-P21|2/8/2021 12:00:00 AM|2/8/2021 12:00:00 AM|1/25/2021 12:00:00 AM|12/28/2020 12:00:00 AM
CurrentWorkingView,15-Feb-21,15-Feb-21|15-Feb-21|Feb-P21|Q1-P21|2/15/2021 12:00:00 AM|2/15/2021 12:00:00 AM|1/25/2021 12:00:00 AM|12/28/2020 12:00:00 AM
CurrentWorkingView,22-Feb-21,22-Feb-21|22-Feb-21|Mar-P21|Q1-P21|2/22/2021 12:00:00 AM|2/22/2021 12:00:00 AM|2/22/2021 12:00:00 AM|12/28/2020 12:00:00 AM
CurrentWorkingView,01-Mar-21,01-Mar-21|01-Mar-21|Mar-P21|Q1-P21|3/1/2021 12:00:00 AM|3/1/2021 12:00:00 AM|2/22/2021 12:00:00 AM|12/28/2020 12:00:00 AM
CurrentWorkingView,08-Mar-21,08-Mar-21|08-Mar-21|Mar-P21|Q1-P21|3/8/2021 12:00:00 AM|3/8/2021 12:00:00 AM|2/22/2021 12:00:00 AM|12/28/2020 12:00:00 AM
CurrentWorkingView,15-Mar-21,15-Mar-21|15-Mar-21|Mar-P21|Q1-P21|3/15/2021 12:00:00 AM|3/15/2021 12:00:00 AM|2/22/2021 12:00:00 AM|12/28/2020 12:00:00 AM
CurrentWorkingView,22-Mar-21,22-Mar-21|22-Mar-21|Mar-P21|Q1-P21|3/22/2021 12:00:00 AM|3/22/2021 12:00:00 AM|2/22/2021 12:00:00 AM|12/28/2020 12:00:00 AM
CurrentWorkingView,29-Mar-21,29-Mar-21|29-Mar-21|Apr-P21|Q2-P21|3/29/2021 12:00:00 AM|3/29/2021 12:00:00 AM|3/29/2021 12:00:00 AM|3/29/2021 12:00:00 AM
CurrentWorkingView,05-Apr-21,05-Apr-21|05-Apr-21|Apr-P21|Q2-P21|4/5/2021 12:00:00 AM|4/5/2021 12:00:00 AM|3/29/2021 12:00:00 AM|3/29/2021 12:00:00 AM
CurrentWorkingView,12-Apr-21,12-Apr-21|12-Apr-21|Apr-P21|Q2-P21|4/12/2021 12:00:00 AM|4/12/2021 12:00:00 AM|3/29/2021 12:00:00 AM|3/29/2021 12:00:00 AM
CurrentWorkingView,19-Apr-21,19-Apr-21|19-Apr-21|Apr-P21|Q2-P21|4/19/2021 12:00:00 AM|4/19/2021 12:00:00 AM|3/29/2021 12:00:00 AM|3/29/2021 12:00:00 AM
CurrentWorkingView,26-Apr-21,26-Apr-21|26-Apr-21|May-P21|Q2-P21|4/26/2021 12:00:00 AM|4/26/2021 12:00:00 AM|4/26/2021 12:00:00 AM|3/29/2021 12:00:00 AM
CurrentWorkingView,03-May-21,03-May-21|03-May-21|May-P21|Q2-P21|5/3/2021 12:00:00 AM|5/3/2021 12:00:00 AM|4/26/2021 12:00:00 AM|3/29/2021 12:00:00 AM
CurrentWorkingView,10-May-21,10-May-21|10-May-21|May-P21|Q2-P21|5/10/2021 12:00:00 AM|5/10/2021 12:00:00 AM|4/26/2021 12:00:00 AM|3/29/2021 12:00:00 AM
CurrentWorkingView,17-May-21,17-May-21|17-May-21|May-P21|Q2-P21|5/17/2021 12:00:00 AM|5/17/2021 12:00:00 AM|4/26/2021 12:00:00 AM|3/29/2021 12:00:00 AM
CurrentWorkingView,24-May-21,24-May-21|24-May-21|Jun-P21|Q2-P21|5/24/2021 12:00:00 AM|5/24/2021 12:00:00 AM|5/24/2021 12:00:00 AM|3/29/2021 12:00:00 AM
CurrentWorkingView,31-May-21,31-May-21|31-May-21|Jun-P21|Q2-P21|5/31/2021 12:00:00 AM|5/31/2021 12:00:00 AM|5/24/2021 12:00:00 AM|3/29/2021 12:00:00 AM
CurrentWorkingView,07-Jun-21,07-Jun-21|07-Jun-21|Jun-P21|Q2-P21|6/7/2021 12:00:00 AM|6/7/2021 12:00:00 AM|5/24/2021 12:00:00 AM|3/29/2021 12:00:00 AM
CurrentWorkingView,14-Jun-21,14-Jun-21|14-Jun-21|Jun-P21|Q2-P21|6/14/2021 12:00:00 AM|6/14/2021 12:00:00 AM|5/24/2021 12:00:00 AM|3/29/2021 12:00:00 AM
CurrentWorkingView,21-Jun-21,21-Jun-21|21-Jun-21|Jun-P21|Q2-P21|6/21/2021 12:00:00 AM|6/21/2021 12:00:00 AM|5/24/2021 12:00:00 AM|3/29/2021 12:00:00 AM
CurrentWorkingView,28-Jun-21,28-Jun-21|28-Jun-21|Jul-P21|Q3-P21|6/28/2021 12:00:00 AM|6/28/2021 12:00:00 AM|6/28/2021 12:00:00 AM|6/28/2021 12:00:00 AM
CurrentWorkingView,05-Jul-21,05-Jul-21|05-Jul-21|Jul-P21|Q3-P21|7/5/2021 12:00:00 AM|7/5/2021 12:00:00 AM|6/28/2021 12:00:00 AM|6/28/2021 12:00:00 AM
CurrentWorkingView,12-Jul-21,12-Jul-21|12-Jul-21|Jul-P21|Q3-P21|7/12/2021 12:00:00 AM|7/12/2021 12:00:00 AM|6/28/2021 12:00:00 AM|6/28/2021 12:00:00 AM
CurrentWorkingView,19-Jul-21,19-Jul-21|19-Jul-21|Jul-P21|Q3-P21|7/19/2021 12:00:00 AM|7/19/2021 12:00:00 AM|6/28/2021 12:00:00 AM|6/28/2021 12:00:00 AM
CurrentWorkingView,26-Jul-21,26-Jul-21|26-Jul-21|Aug-P21|Q3-P21|7/26/2021 12:00:00 AM|7/26/2021 12:00:00 AM|7/26/2021 12:00:00 AM|6/28/2021 12:00:00 AM
CurrentWorkingView,02-Aug-21,02-Aug-21|02-Aug-21|Aug-P21|Q3-P21|8/2/2021 12:00:00 AM|8/2/2021 12:00:00 AM|7/26/2021 12:00:00 AM|6/28/2021 12:00:00 AM
CurrentWorkingView,09-Aug-21,09-Aug-21|09-Aug-21|Aug-P21|Q3-P21|8/9/2021 12:00:00 AM|8/9/2021 12:00:00 AM|7/26/2021 12:00:00 AM|6/28/2021 12:00:00 AM
CurrentWorkingView,16-Aug-21,16-Aug-21|16-Aug-21|Aug-P21|Q3-P21|8/16/2021 12:00:00 AM|8/16/2021 12:00:00 AM|7/26/2021 12:00:00 AM|6/28/2021 12:00:00 AM
CurrentWorkingView,23-Aug-21,23-Aug-21|23-Aug-21|Sep-P21|Q3-P21|8/23/2021 12:00:00 AM|8/23/2021 12:00:00 AM|8/23/2021 12:00:00 AM|6/28/2021 12:00:00 AM
CurrentWorkingView,30-Aug-21,30-Aug-21|30-Aug-21|Sep-P21|Q3-P21|8/30/2021 12:00:00 AM|8/30/2021 12:00:00 AM|8/23/2021 12:00:00 AM|6/28/2021 12:00:00 AM
CurrentWorkingView,06-Sep-21,06-Sep-21|06-Sep-21|Sep-P21|Q3-P21|9/6/2021 12:00:00 AM|9/6/2021 12:00:00 AM|8/23/2021 12:00:00 AM|6/28/2021 12:00:00 AM
CurrentWorkingView,13-Sep-21,13-Sep-21|13-Sep-21|Sep-P21|Q3-P21|9/13/2021 12:00:00 AM|9/13/2021 12:00:00 AM|8/23/2021 12:00:00 AM|6/28/2021 12:00:00 AM
CurrentWorkingView,20-Sep-21,20-Sep-21|20-Sep-21|Sep-P21|Q3-P21|9/20/2021 12:00:00 AM|9/20/2021 12:00:00 AM|8/23/2021 12:00:00 AM|6/28/2021 12:00:00 AM
CurrentWorkingView,27-Sep-21,27-Sep-21|27-Sep-21|Oct-P21|Q4-P21|9/27/2021 12:00:00 AM|9/27/2021 12:00:00 AM|9/27/2021 12:00:00 AM|9/27/2021 12:00:00 AM
CurrentWorkingView,04-Oct-21,04-Oct-21|04-Oct-21|Oct-P21|Q4-P21|10/4/2021 12:00:00 AM|10/4/2021 12:00:00 AM|9/27/2021 12:00:00 AM|9/27/2021 12:00:00 AM
CurrentWorkingView,11-Oct-21,11-Oct-21|11-Oct-21|Oct-P21|Q4-P21|10/11/2021 12:00:00 AM|10/11/2021 12:00:00 AM|9/27/2021 12:00:00 AM|9/27/2021 12:00:00 AM
CurrentWorkingView,18-Oct-21,18-Oct-21|18-Oct-21|Oct-P21|Q4-P21|10/18/2021 12:00:00 AM|10/18/2021 12:00:00 AM|9/27/2021 12:00:00 AM|9/27/2021 12:00:00 AM
CurrentWorkingView,25-Oct-21,25-Oct-21|25-Oct-21|Nov-P21|Q4-P21|10/25/2021 12:00:00 AM|10/25/2021 12:00:00 AM|10/25/2021 12:00:00 AM|9/27/2021 12:00:00 AM
CurrentWorkingView,01-Nov-21,01-Nov-21|01-Nov-21|Nov-P21|Q4-P21|11/1/2021 12:00:00 AM|11/1/2021 12:00:00 AM|10/25/2021 12:00:00 AM|9/27/2021 12:00:00 AM
CurrentWorkingView,08-Nov-21,08-Nov-21|08-Nov-21|Nov-P21|Q4-P21|11/8/2021 12:00:00 AM|11/8/2021 12:00:00 AM|10/25/2021 12:00:00 AM|9/27/2021 12:00:00 AM
CurrentWorkingView,15-Nov-21,15-Nov-21|15-Nov-21|Nov-P21|Q4-P21|11/15/2021 12:00:00 AM|11/15/2021 12:00:00 AM|10/25/2021 12:00:00 AM|9/27/2021 12:00:00 AM
CurrentWorkingView,22-Nov-21,22-Nov-21|22-Nov-21|Dec-P21|Q4-P21|11/22/2021 12:00:00 AM|11/22/2021 12:00:00 AM|11/22/2021 12:00:00 AM|9/27/2021 12:00:00 AM
CurrentWorkingView,29-Nov-21,29-Nov-21|29-Nov-21|Dec-P21|Q4-P21|11/29/2021 12:00:00 AM|11/29/2021 12:00:00 AM|11/22/2021 12:00:00 AM|9/27/2021 12:00:00 AM
CurrentWorkingView,06-Dec-21,06-Dec-21|06-Dec-21|Dec-P21|Q4-P21|12/6/2021 12:00:00 AM|12/6/2021 12:00:00 AM|11/22/2021 12:00:00 AM|9/27/2021 12:00:00 AM
CurrentWorkingView,13-Dec-21,13-Dec-21|13-Dec-21|Dec-P21|Q4-P21|12/13/2021 12:00:00 AM|12/13/2021 12:00:00 AM|11/22/2021 12:00:00 AM|9/27/2021 12:00:00 AM
CurrentWorkingView,20-Dec-21,20-Dec-21|20-Dec-21|Dec-P21|Q4-P21|12/20/2021 12:00:00 AM|12/20/2021 12:00:00 AM|11/22/2021 12:00:00 AM|9/27/2021 12:00:00 AM
CurrentWorkingView,27-Dec-21,27-Dec-21|27-Dec-21|Jan-P22|Q1-P22|12/27/2021 12:00:00 AM|12/27/2021 12:00:00 AM|12/27/2021 12:00:00 AM|12/27/2021 12:00:00 AM
CurrentWorkingView,03-Jan-22,03-Jan-22|03-Jan-22|Jan-P22|Q1-P22|1/3/2022 12:00:00 AM|1/3/2022 12:00:00 AM|12/27/2021 12:00:00 AM|12/27/2021 12:00:00 AM
CurrentWorkingView,10-Jan-22,10-Jan-22|10-Jan-22|Jan-P22|Q1-P22|1/10/2022 12:00:00 AM|1/10/2022 12:00:00 AM|12/27/2021 12:00:00 AM|12/27/2021 12:00:00 AM
CurrentWorkingView,17-Jan-22,17-Jan-22|17-Jan-22|Jan-P22|Q1-P22|1/17/2022 12:00:00 AM|1/17/2022 12:00:00 AM|12/27/2021 12:00:00 AM|12/27/2021 12:00:00 AM
CurrentWorkingView,24-Jan-22,24-Jan-22|24-Jan-22|Feb-P22|Q1-P22|1/24/2022 12:00:00 AM|1/24/2022 12:00:00 AM|1/24/2022 12:00:00 AM|12/27/2021 12:00:00 AM
CurrentWorkingView,31-Jan-22,31-Jan-22|31-Jan-22|Feb-P22|Q1-P22|1/31/2022 12:00:00 AM|1/31/2022 12:00:00 AM|1/24/2022 12:00:00 AM|12/27/2021 12:00:00 AM
CurrentWorkingView,07-Feb-22,07-Feb-22|07-Feb-22|Feb-P22|Q1-P22|2/7/2022 12:00:00 AM|2/7/2022 12:00:00 AM|1/24/2022 12:00:00 AM|12/27/2021 12:00:00 AM
CurrentWorkingView,14-Feb-22,14-Feb-22|14-Feb-22|Feb-P22|Q1-P22|2/14/2022 12:00:00 AM|2/14/2022 12:00:00 AM|1/24/2022 12:00:00 AM|12/27/2021 12:00:00 AM
CurrentWorkingView,21-Feb-22,21-Feb-22|21-Feb-22|Mar-P22|Q1-P22|2/21/2022 12:00:00 AM|2/21/2022 12:00:00 AM|2/21/2022 12:00:00 AM|12/27/2021 12:00:00 AM
CurrentWorkingView,28-Feb-22,28-Feb-22|28-Feb-22|Mar-P22|Q1-P22|2/28/2022 12:00:00 AM|2/28/2022 12:00:00 AM|2/21/2022 12:00:00 AM|12/27/2021 12:00:00 AM
CurrentWorkingView,07-Mar-22,07-Mar-22|07-Mar-22|Mar-P22|Q1-P22|3/7/2022 12:00:00 AM|3/7/2022 12:00:00 AM|2/21/2022 12:00:00 AM|12/27/2021 12:00:00 AM
CurrentWorkingView,14-Mar-22,14-Mar-22|14-Mar-22|Mar-P22|Q1-P22|3/14/2022 12:00:00 AM|3/14/2022 12:00:00 AM|2/21/2022 12:00:00 AM|12/27/2021 12:00:00 AM
CurrentWorkingView,21-Mar-22,21-Mar-22|21-Mar-22|Mar-P22|Q1-P22|3/21/2022 12:00:00 AM|3/21/2022 12:00:00 AM|2/21/2022 12:00:00 AM|12/27/2021 12:00:00 AM
CurrentWorkingView,28-Mar-22,28-Mar-22|28-Mar-22|Apr-P22|Q2-P22|3/28/2022 12:00:00 AM|3/28/2022 12:00:00 AM|3/28/2022 12:00:00 AM|3/28/2022 12:00:00 AM
CurrentWorkingView,04-Apr-22,04-Apr-22|04-Apr-22|Apr-P22|Q2-P22|4/4/2022 12:00:00 AM|4/4/2022 12:00:00 AM|3/28/2022 12:00:00 AM|3/28/2022 12:00:00 AM
CurrentWorkingView,11-Apr-22,11-Apr-22|11-Apr-22|Apr-P22|Q2-P22|4/11/2022 12:00:00 AM|4/11/2022 12:00:00 AM|3/28/2022 12:00:00 AM|3/28/2022 12:00:00 AM
CurrentWorkingView,18-Apr-22,18-Apr-22|18-Apr-22|Apr-P22|Q2-P22|4/18/2022 12:00:00 AM|4/18/2022 12:00:00 AM|3/28/2022 12:00:00 AM|3/28/2022 12:00:00 AM
CurrentWorkingView,25-Apr-22,25-Apr-22|25-Apr-22|May-P22|Q2-P22|4/25/2022 12:00:00 AM|4/25/2022 12:00:00 AM|4/25/2022 12:00:00 AM|3/28/2022 12:00:00 AM
CurrentWorkingView,02-May-22,02-May-22|02-May-22|May-P22|Q2-P22|5/2/2022 12:00:00 AM|5/2/2022 12:00:00 AM|4/25/2022 12:00:00 AM|3/28/2022 12:00:00 AM
CurrentWorkingView,09-May-22,09-May-22|09-May-22|May-P22|Q2-P22|5/9/2022 12:00:00 AM|5/9/2022 12:00:00 AM|4/25/2022 12:00:00 AM|3/28/2022 12:00:00 AM
CurrentWorkingView,16-May-22,16-May-22|16-May-22|May-P22|Q2-P22|5/16/2022 12:00:00 AM|5/16/2022 12:00:00 AM|4/25/2022 12:00:00 AM|3/28/2022 12:00:00 AM
CurrentWorkingView,23-May-22,23-May-22|23-May-22|Jun-P22|Q2-P22|5/23/2022 12:00:00 AM|5/23/2022 12:00:00 AM|5/23/2022 12:00:00 AM|3/28/2022 12:00:00 AM
CurrentWorkingView,30-May-22,30-May-22|30-May-22|Jun-P22|Q2-P22|5/30/2022 12:00:00 AM|5/30/2022 12:00:00 AM|5/23/2022 12:00:00 AM|3/28/2022 12:00:00 AM
CurrentWorkingView,06-Jun-22,06-Jun-22|06-Jun-22|Jun-P22|Q2-P22|6/6/2022 12:00:00 AM|6/6/2022 12:00:00 AM|5/23/2022 12:00:00 AM|3/28/2022 12:00:00 AM
CurrentWorkingView,13-Jun-22,13-Jun-22|13-Jun-22|Jun-P22|Q2-P22|6/13/2022 12:00:00 AM|6/13/2022 12:00:00 AM|5/23/2022 12:00:00 AM|3/28/2022 12:00:00 AM
CurrentWorkingView,20-Jun-22,20-Jun-22|20-Jun-22|Jun-P22|Q2-P22|6/20/2022 12:00:00 AM|6/20/2022 12:00:00 AM|5/23/2022 12:00:00 AM|3/28/2022 12:00:00 AM
CurrentWorkingView,27-Jun-22,27-Jun-22|27-Jun-22|Jul-P22|Q3-P22|6/27/2022 12:00:00 AM|6/27/2022 12:00:00 AM|6/27/2022 12:00:00 AM|6/27/2022 12:00:00 AM
CurrentWorkingView,04-Jul-22,04-Jul-22|04-Jul-22|Jul-P22|Q3-P22|7/4/2022 12:00:00 AM|7/4/2022 12:00:00 AM|6/27/2022 12:00:00 AM|6/27/2022 12:00:00 AM
CurrentWorkingView,11-Jul-22,11-Jul-22|11-Jul-22|Jul-P22|Q3-P22|7/11/2022 12:00:00 AM|7/11/2022 12:00:00 AM|6/27/2022 12:00:00 AM|6/27/2022 12:00:00 AM
CurrentWorkingView,18-Jul-22,18-Jul-22|18-Jul-22|Jul-P22|Q3-P22|7/18/2022 12:00:00 AM|7/18/2022 12:00:00 AM|6/27/2022 12:00:00 AM|6/27/2022 12:00:00 AM
CurrentWorkingView,25-Jul-22,25-Jul-22|25-Jul-22|Aug-P22|Q3-P22|7/25/2022 12:00:00 AM|7/25/2022 12:00:00 AM|7/25/2022 12:00:00 AM|6/27/2022 12:00:00 AM
CurrentWorkingView,01-Aug-22,01-Aug-22|01-Aug-22|Aug-P22|Q3-P22|8/1/2022 12:00:00 AM|8/1/2022 12:00:00 AM|7/25/2022 12:00:00 AM|6/27/2022 12:00:00 AM
CurrentWorkingView,08-Aug-22,08-Aug-22|08-Aug-22|Aug-P22|Q3-P22|8/8/2022 12:00:00 AM|8/8/2022 12:00:00 AM|7/25/2022 12:00:00 AM|6/27/2022 12:00:00 AM
CurrentWorkingView,15-Aug-22,15-Aug-22|15-Aug-22|Aug-P22|Q3-P22|8/15/2022 12:00:00 AM|8/15/2022 12:00:00 AM|7/25/2022 12:00:00 AM|6/27/2022 12:00:00 AM
CurrentWorkingView,22-Aug-22,22-Aug-22|22-Aug-22|Sep-P22|Q3-P22|8/22/2022 12:00:00 AM|8/22/2022 12:00:00 AM|8/22/2022 12:00:00 AM|6/27/2022 12:00:00 AM
CurrentWorkingView,29-Aug-22,29-Aug-22|29-Aug-22|Sep-P22|Q3-P22|8/29/2022 12:00:00 AM|8/29/2022 12:00:00 AM|8/22/2022 12:00:00 AM|6/27/2022 12:00:00 AM
CurrentWorkingView,05-Sep-22,05-Sep-22|05-Sep-22|Sep-P22|Q3-P22|9/5/2022 12:00:00 AM|9/5/2022 12:00:00 AM|8/22/2022 12:00:00 AM|6/27/2022 12:00:00 AM
CurrentWorkingView,12-Sep-22,12-Sep-22|12-Sep-22|Sep-P22|Q3-P22|9/12/2022 12:00:00 AM|9/12/2022 12:00:00 AM|8/22/2022 12:00:00 AM|6/27/2022 12:00:00 AM
CurrentWorkingView,19-Sep-22,19-Sep-22|19-Sep-22|Sep-P22|Q3-P22|9/19/2022 12:00:00 AM|9/19/2022 12:00:00 AM|8/22/2022 12:00:00 AM|6/27/2022 12:00:00 AM
CurrentWorkingView,26-Sep-22,26-Sep-22|26-Sep-22|Oct-P22|Q4-P22|9/26/2022 12:00:00 AM|9/26/2022 12:00:00 AM|9/26/2022 12:00:00 AM|9/26/2022 12:00:00 AM
CurrentWorkingView,03-Oct-22,03-Oct-22|03-Oct-22|Oct-P22|Q4-P22|10/3/2022 12:00:00 AM|10/3/2022 12:00:00 AM|9/26/2022 12:00:00 AM|9/26/2022 12:00:00 AM
CurrentWorkingView,10-Oct-22,10-Oct-22|10-Oct-22|Oct-P22|Q4-P22|10/10/2022 12:00:00 AM|10/10/2022 12:00:00 AM|9/26/2022 12:00:00 AM|9/26/2022 12:00:00 AM
CurrentWorkingView,17-Oct-22,17-Oct-22|17-Oct-22|Oct-P22|Q4-P22|10/17/2022 12:00:00 AM|10/17/2022 12:00:00 AM|9/26/2022 12:00:00 AM|9/26/2022 12:00:00 AM
CurrentWorkingView,24-Oct-22,24-Oct-22|24-Oct-22|Nov-P22|Q4-P22|10/24/2022 12:00:00 AM|10/24/2022 12:00:00 AM|10/24/2022 12:00:00 AM|9/26/2022 12:00:00 AM
CurrentWorkingView,31-Oct-22,31-Oct-22|31-Oct-22|Nov-P22|Q4-P22|10/31/2022 12:00:00 AM|10/31/2022 12:00:00 AM|10/24/2022 12:00:00 AM|9/26/2022 12:00:00 AM
CurrentWorkingView,07-Nov-22,07-Nov-22|07-Nov-22|Nov-P22|Q4-P22|11/7/2022 12:00:00 AM|11/7/2022 12:00:00 AM|10/24/2022 12:00:00 AM|9/26/2022 12:00:00 AM
CurrentWorkingView,14-Nov-22,14-Nov-22|14-Nov-22|Nov-P22|Q4-P22|11/14/2022 12:00:00 AM|11/14/2022 12:00:00 AM|10/24/2022 12:00:00 AM|9/26/2022 12:00:00 AM
CurrentWorkingView,21-Nov-22,21-Nov-22|21-Nov-22|Nov-P22|Q4-P22|11/21/2022 12:00:00 AM|11/21/2022 12:00:00 AM|10/24/2022 12:00:00 AM|9/26/2022 12:00:00 AM
CurrentWorkingView,28-Nov-22,28-Nov-22|28-Nov-22|Dec-P22|Q4-P22|11/28/2022 12:00:00 AM|11/28/2022 12:00:00 AM|11/28/2022 12:00:00 AM|9/26/2022 12:00:00 AM
CurrentWorkingView,05-Dec-22,05-Dec-22|05-Dec-22|Dec-P22|Q4-P22|12/5/2022 12:00:00 AM|12/5/2022 12:00:00 AM|11/28/2022 12:00:00 AM|9/26/2022 12:00:00 AM
CurrentWorkingView,12-Dec-22,12-Dec-22|12-Dec-22|Dec-P22|Q4-P22|12/12/2022 12:00:00 AM|12/12/2022 12:00:00 AM|11/28/2022 12:00:00 AM|9/26/2022 12:00:00 AM
CurrentWorkingView,19-Dec-22,19-Dec-22|19-Dec-22|Dec-P22|Q4-P22|12/19/2022 12:00:00 AM|12/19/2022 12:00:00 AM|11/28/2022 12:00:00 AM|9/26/2022 12:00:00 AM
CurrentWorkingView,26-Dec-22,26-Dec-22|26-Dec-22|Dec-P22|Q4-P22|12/26/2022 12:00:00 AM|12/26/2022 12:00:00 AM|11/28/2022 12:00:00 AM|9/26/2022 12:00:00 AM
CurrentWorkingView,02-Jan-23,02-Jan-23|02-Jan-23|Jan-P23|Q1-P23|1/2/2023 12:00:00 AM|1/2/2023 12:00:00 AM|1/2/2023 12:00:00 AM|1/2/2023 12:00:00 AM
CurrentWorkingView,09-Jan-23,09-Jan-23|09-Jan-23|Jan-P23|Q1-P23|1/9/2023 12:00:00 AM|1/9/2023 12:00:00 AM|1/2/2023 12:00:00 AM|1/2/2023 12:00:00 AM
CurrentWorkingView,16-Jan-23,16-Jan-23|16-Jan-23|Jan-P23|Q1-P23|1/16/2023 12:00:00 AM|1/16/2023 12:00:00 AM|1/2/2023 12:00:00 AM|1/2/2023 12:00:00 AM
CurrentWorkingView,23-Jan-23,23-Jan-23|23-Jan-23|Jan-P23|Q1-P23|1/23/2023 12:00:00 AM|1/23/2023 12:00:00 AM|1/2/2023 12:00:00 AM|1/2/2023 12:00:00 AM
CurrentWorkingView,30-Jan-23,30-Jan-23|30-Jan-23|Feb-P23|Q1-P23|1/30/2023 12:00:00 AM|1/30/2023 12:00:00 AM|1/30/2023 12:00:00 AM|1/2/2023 12:00:00 AM
CurrentWorkingView,06-Feb-23,06-Feb-23|06-Feb-23|Feb-P23|Q1-P23|2/6/2023 12:00:00 AM|2/6/2023 12:00:00 AM|1/30/2023 12:00:00 AM|1/2/2023 12:00:00 AM
CurrentWorkingView,13-Feb-23,13-Feb-23|13-Feb-23|Feb-P23|Q1-P23|2/13/2023 12:00:00 AM|2/13/2023 12:00:00 AM|1/30/2023 12:00:00 AM|1/2/2023 12:00:00 AM
CurrentWorkingView,20-Feb-23,20-Feb-23|20-Feb-23|Feb-P23|Q1-P23|2/20/2023 12:00:00 AM|2/20/2023 12:00:00 AM|1/30/2023 12:00:00 AM|1/2/2023 12:00:00 AM
CurrentWorkingView,27-Feb-23,27-Feb-23|27-Feb-23|Mar-P23|Q1-P23|2/27/2023 12:00:00 AM|2/27/2023 12:00:00 AM|2/27/2023 12:00:00 AM|1/2/2023 12:00:00 AM
CurrentWorkingView,06-Mar-23,06-Mar-23|06-Mar-23|Mar-P23|Q1-P23|3/6/2023 12:00:00 AM|3/6/2023 12:00:00 AM|2/27/2023 12:00:00 AM|1/2/2023 12:00:00 AM
CurrentWorkingView,13-Mar-23,13-Mar-23|13-Mar-23|Mar-P23|Q1-P23|3/13/2023 12:00:00 AM|3/13/2023 12:00:00 AM|2/27/2023 12:00:00 AM|1/2/2023 12:00:00 AM
CurrentWorkingView,20-Mar-23,20-Mar-23|20-Mar-23|Mar-P23|Q1-P23|3/20/2023 12:00:00 AM|3/20/2023 12:00:00 AM|2/27/2023 12:00:00 AM|1/2/2023 12:00:00 AM
CurrentWorkingView,27-Mar-23,27-Mar-23|27-Mar-23|Mar-P23|Q1-P23|3/27/2023 12:00:00 AM|3/27/2023 12:00:00 AM|2/27/2023 12:00:00 AM|1/2/2023 12:00:00 AM
CurrentWorkingView,03-Apr-23,03-Apr-23|03-Apr-23|Apr-P23|Q2-P23|4/3/2023 12:00:00 AM|4/3/2023 12:00:00 AM|4/3/2023 12:00:00 AM|4/3/2023 12:00:00 AM
CurrentWorkingView,10-Apr-23,10-Apr-23|10-Apr-23|Apr-P23|Q2-P23|4/10/2023 12:00:00 AM|4/10/2023 12:00:00 AM|4/3/2023 12:00:00 AM|4/3/2023 12:00:00 AM
CurrentWorkingView,17-Apr-23,17-Apr-23|17-Apr-23|Apr-P23|Q2-P23|4/17/2023 12:00:00 AM|4/17/2023 12:00:00 AM|4/3/2023 12:00:00 AM|4/3/2023 12:00:00 AM
CurrentWorkingView,24-Apr-23,24-Apr-23|24-Apr-23|Apr-P23|Q2-P23|4/24/2023 12:00:00 AM|4/24/2023 12:00:00 AM|4/3/2023 12:00:00 AM|4/3/2023 12:00:00 AM
CurrentWorkingView,01-May-23,01-May-23|01-May-23|May-P23|Q2-P23|5/1/2023 12:00:00 AM|5/1/2023 12:00:00 AM|5/1/2023 12:00:00 AM|4/3/2023 12:00:00 AM
CurrentWorkingView,08-May-23,08-May-23|08-May-23|May-P23|Q2-P23|5/8/2023 12:00:00 AM|5/8/2023 12:00:00 AM|5/1/2023 12:00:00 AM|4/3/2023 12:00:00 AM
CurrentWorkingView,15-May-23,15-May-23|15-May-23|May-P23|Q2-P23|5/15/2023 12:00:00 AM|5/15/2023 12:00:00 AM|5/1/2023 12:00:00 AM|4/3/2023 12:00:00 AM
CurrentWorkingView,22-May-23,22-May-23|22-May-23|May-P23|Q2-P23|5/22/2023 12:00:00 AM|5/22/2023 12:00:00 AM|5/1/2023 12:00:00 AM|4/3/2023 12:00:00 AM
CurrentWorkingView,29-May-23,29-May-23|29-May-23|Jun-P23|Q2-P23|5/29/2023 12:00:00 AM|5/29/2023 12:00:00 AM|5/29/2023 12:00:00 AM|4/3/2023 12:00:00 AM
CurrentWorkingView,05-Jun-23,05-Jun-23|05-Jun-23|Jun-P23|Q2-P23|6/5/2023 12:00:00 AM|6/5/2023 12:00:00 AM|5/29/2023 12:00:00 AM|4/3/2023 12:00:00 AM
CurrentWorkingView,12-Jun-23,12-Jun-23|12-Jun-23|Jun-P23|Q2-P23|6/12/2023 12:00:00 AM|6/12/2023 12:00:00 AM|5/29/2023 12:00:00 AM|4/3/2023 12:00:00 AM
CurrentWorkingView,19-Jun-23,19-Jun-23|19-Jun-23|Jun-P23|Q2-P23|6/19/2023 12:00:00 AM|6/19/2023 12:00:00 AM|5/29/2023 12:00:00 AM|4/3/2023 12:00:00 AM
CurrentWorkingView,26-Jun-23,26-Jun-23|26-Jun-23|Jun-P23|Q2-P23|6/26/2023 12:00:00 AM|6/26/2023 12:00:00 AM|5/29/2023 12:00:00 AM|4/3/2023 12:00:00 AM
CurrentWorkingView,03-Jul-23,03-Jul-23|03-Jul-23|Jul-P23|Q3-P23|7/3/2023 12:00:00 AM|7/3/2023 12:00:00 AM|7/3/2023 12:00:00 AM|7/3/2023 12:00:00 AM
CurrentWorkingView,10-Jul-23,10-Jul-23|10-Jul-23|Jul-P23|Q3-P23|7/10/2023 12:00:00 AM|7/10/2023 12:00:00 AM|7/3/2023 12:00:00 AM|7/3/2023 12:00:00 AM
CurrentWorkingView,17-Jul-23,17-Jul-23|17-Jul-23|Jul-P23|Q3-P23|7/17/2023 12:00:00 AM|7/17/2023 12:00:00 AM|7/3/2023 12:00:00 AM|7/3/2023 12:00:00 AM
CurrentWorkingView,24-Jul-23,24-Jul-23|24-Jul-23|Jul-P23|Q3-P23|7/24/2023 12:00:00 AM|7/24/2023 12:00:00 AM|7/3/2023 12:00:00 AM|7/3/2023 12:00:00 AM
CurrentWorkingView,31-Jul-23,31-Jul-23|31-Jul-23|Aug-P23|Q3-P23|7/31/2023 12:00:00 AM|7/31/2023 12:00:00 AM|7/31/2023 12:00:00 AM|7/3/2023 12:00:00 AM
CurrentWorkingView,07-Aug-23,07-Aug-23|07-Aug-23|Aug-P23|Q3-P23|8/7/2023 12:00:00 AM|8/7/2023 12:00:00 AM|7/31/2023 12:00:00 AM|7/3/2023 12:00:00 AM
CurrentWorkingView,14-Aug-23,14-Aug-23|14-Aug-23|Aug-P23|Q3-P23|8/14/2023 12:00:00 AM|8/14/2023 12:00:00 AM|7/31/2023 12:00:00 AM|7/3/2023 12:00:00 AM
CurrentWorkingView,21-Aug-23,21-Aug-23|21-Aug-23|Aug-P23|Q3-P23|8/21/2023 12:00:00 AM|8/21/2023 12:00:00 AM|7/31/2023 12:00:00 AM|7/3/2023 12:00:00 AM
CurrentWorkingView,28-Aug-23,28-Aug-23|28-Aug-23|Sep-P23|Q3-P23|8/28/2023 12:00:00 AM|8/28/2023 12:00:00 AM|8/28/2023 12:00:00 AM|7/3/2023 12:00:00 AM
CurrentWorkingView,04-Sep-23,04-Sep-23|04-Sep-23|Sep-P23|Q3-P23|9/4/2023 12:00:00 AM|9/4/2023 12:00:00 AM|8/28/2023 12:00:00 AM|7/3/2023 12:00:00 AM
CurrentWorkingView,11-Sep-23,11-Sep-23|11-Sep-23|Sep-P23|Q3-P23|9/11/2023 12:00:00 AM|9/11/2023 12:00:00 AM|8/28/2023 12:00:00 AM|7/3/2023 12:00:00 AM
CurrentWorkingView,18-Sep-23,18-Sep-23|18-Sep-23|Sep-P23|Q3-P23|9/18/2023 12:00:00 AM|9/18/2023 12:00:00 AM|8/28/2023 12:00:00 AM|7/3/2023 12:00:00 AM
CurrentWorkingView,25-Sep-23,25-Sep-23|25-Sep-23|Sep-P23|Q3-P23|9/25/2023 12:00:00 AM|9/25/2023 12:00:00 AM|8/28/2023 12:00:00 AM|7/3/2023 12:00:00 AM
CurrentWorkingView,02-Oct-23,02-Oct-23|02-Oct-23|Oct-P23|Q4-P23|10/2/2023 12:00:00 AM|10/2/2023 12:00:00 AM|10/2/2023 12:00:00 AM|10/2/2023 12:00:00 AM
CurrentWorkingView,09-Oct-23,09-Oct-23|09-Oct-23|Oct-P23|Q4-P23|10/9/2023 12:00:00 AM|10/9/2023 12:00:00 AM|10/2/2023 12:00:00 AM|10/2/2023 12:00:00 AM
CurrentWorkingView,16-Oct-23,16-Oct-23|16-Oct-23|Oct-P23|Q4-P23|10/16/2023 12:00:00 AM|10/16/2023 12:00:00 AM|10/2/2023 12:00:00 AM|10/2/2023 12:00:00 AM
CurrentWorkingView,23-Oct-23,23-Oct-23|23-Oct-23|Oct-P23|Q4-P23|10/23/2023 12:00:00 AM|10/23/2023 12:00:00 AM|10/2/2023 12:00:00 AM|10/2/2023 12:00:00 AM
CurrentWorkingView,30-Oct-23,30-Oct-23|30-Oct-23|Nov-P23|Q4-P23|10/30/2023 12:00:00 AM|10/30/2023 12:00:00 AM|10/30/2023 12:00:00 AM|10/2/2023 12:00:00 AM
CurrentWorkingView,06-Nov-23,06-Nov-23|06-Nov-23|Nov-P23|Q4-P23|11/6/2023 12:00:00 AM|11/6/2023 12:00:00 AM|10/30/2023 12:00:00 AM|10/2/2023 12:00:00 AM
CurrentWorkingView,13-Nov-23,13-Nov-23|13-Nov-23|Nov-P23|Q4-P23|11/13/2023 12:00:00 AM|11/13/2023 12:00:00 AM|10/30/2023 12:00:00 AM|10/2/2023 12:00:00 AM
CurrentWorkingView,20-Nov-23,20-Nov-23|20-Nov-23|Nov-P23|Q4-P23|11/20/2023 12:00:00 AM|11/20/2023 12:00:00 AM|10/30/2023 12:00:00 AM|10/2/2023 12:00:00 AM
CurrentWorkingView,27-Nov-23,27-Nov-23|27-Nov-23|Dec-P23|Q4-P23|11/27/2023 12:00:00 AM|11/27/2023 12:00:00 AM|11/27/2023 12:00:00 AM|10/2/2023 12:00:00 AM
CurrentWorkingView,04-Dec-23,04-Dec-23|04-Dec-23|Dec-P23|Q4-P23|12/4/2023 12:00:00 AM|12/4/2023 12:00:00 AM|11/27/2023 12:00:00 AM|10/2/2023 12:00:00 AM
CurrentWorkingView,11-Dec-23,11-Dec-23|11-Dec-23|Dec-P23|Q4-P23|12/11/2023 12:00:00 AM|12/11/2023 12:00:00 AM|11/27/2023 12:00:00 AM|10/2/2023 12:00:00 AM
CurrentWorkingView,18-Dec-23,18-Dec-23|18-Dec-23|Dec-P23|Q4-P23|12/18/2023 12:00:00 AM|12/18/2023 12:00:00 AM|11/27/2023 12:00:00 AM|10/2/2023 12:00:00 AM
CurrentWorkingView,25-Dec-23,25-Dec-23|25-Dec-23|Dec-P23|Q4-P23|12/25/2023 12:00:00 AM|12/25/2023 12:00:00 AM|11/27/2023 12:00:00 AM|10/2/2023 12:00:00 AM
CurrentWorkingView,01-Jan-24,01-Jan-24|01-Jan-24|Jan-P24|Q1-P24|1/1/2024 12:00:00 AM|1/1/2024 12:00:00 AM|1/1/2024 12:00:00 AM|1/1/2024 12:00:00 AM
CurrentWorkingView,08-Jan-24,08-Jan-24|08-Jan-24|Jan-P24|Q1-P24|1/8/2024 12:00:00 AM|1/8/2024 12:00:00 AM|1/1/2024 12:00:00 AM|1/1/2024 12:00:00 AM
CurrentWorkingView,15-Jan-24,15-Jan-24|15-Jan-24|Jan-P24|Q1-P24|1/15/2024 12:00:00 AM|1/15/2024 12:00:00 AM|1/1/2024 12:00:00 AM|1/1/2024 12:00:00 AM
CurrentWorkingView,22-Jan-24,22-Jan-24|22-Jan-24|Jan-P24|Q1-P24|1/22/2024 12:00:00 AM|1/22/2024 12:00:00 AM|1/1/2024 12:00:00 AM|1/1/2024 12:00:00 AM
CurrentWorkingView,29-Jan-24,29-Jan-24|29-Jan-24|Feb-P24|Q1-P24|1/29/2024 12:00:00 AM|1/29/2024 12:00:00 AM|1/29/2024 12:00:00 AM|1/1/2024 12:00:00 AM
CurrentWorkingView,05-Feb-24,05-Feb-24|05-Feb-24|Feb-P24|Q1-P24|2/5/2024 12:00:00 AM|2/5/2024 12:00:00 AM|1/29/2024 12:00:00 AM|1/1/2024 12:00:00 AM
CurrentWorkingView,12-Feb-24,12-Feb-24|12-Feb-24|Feb-P24|Q1-P24|2/12/2024 12:00:00 AM|2/12/2024 12:00:00 AM|1/29/2024 12:00:00 AM|1/1/2024 12:00:00 AM
CurrentWorkingView,19-Feb-24,19-Feb-24|19-Feb-24|Feb-P24|Q1-P24|2/19/2024 12:00:00 AM|2/19/2024 12:00:00 AM|1/29/2024 12:00:00 AM|1/1/2024 12:00:00 AM
CurrentWorkingView,26-Feb-24,26-Feb-24|26-Feb-24|Mar-P24|Q1-P24|2/26/2024 12:00:00 AM|2/26/2024 12:00:00 AM|2/26/2024 12:00:00 AM|1/1/2024 12:00:00 AM
CurrentWorkingView,04-Mar-24,04-Mar-24|04-Mar-24|Mar-P24|Q1-P24|3/4/2024 12:00:00 AM|3/4/2024 12:00:00 AM|2/26/2024 12:00:00 AM|1/1/2024 12:00:00 AM
CurrentWorkingView,11-Mar-24,11-Mar-24|11-Mar-24|Mar-P24|Q1-P24|3/11/2024 12:00:00 AM|3/11/2024 12:00:00 AM|2/26/2024 12:00:00 AM|1/1/2024 12:00:00 AM
CurrentWorkingView,18-Mar-24,18-Mar-24|18-Mar-24|Mar-P24|Q1-P24|3/18/2024 12:00:00 AM|3/18/2024 12:00:00 AM|2/26/2024 12:00:00 AM|1/1/2024 12:00:00 AM
CurrentWorkingView,25-Mar-24,25-Mar-24|25-Mar-24|Mar-P24|Q1-P24|3/25/2024 12:00:00 AM|3/25/2024 12:00:00 AM|2/26/2024 12:00:00 AM|1/1/2024 12:00:00 AM
CurrentWorkingView,01-Apr-24,01-Apr-24|01-Apr-24|Apr-P24|Q2-P24|4/1/2024 12:00:00 AM|4/1/2024 12:00:00 AM|4/1/2024 12:00:00 AM|4/1/2024 12:00:00 AM
CurrentWorkingView,08-Apr-24,08-Apr-24|08-Apr-24|Apr-P24|Q2-P24|4/8/2024 12:00:00 AM|4/8/2024 12:00:00 AM|4/1/2024 12:00:00 AM|4/1/2024 12:00:00 AM
CurrentWorkingView,15-Apr-24,15-Apr-24|15-Apr-24|Apr-P24|Q2-P24|4/15/2024 12:00:00 AM|4/15/2024 12:00:00 AM|4/1/2024 12:00:00 AM|4/1/2024 12:00:00 AM
CurrentWorkingView,22-Apr-24,22-Apr-24|22-Apr-24|Apr-P24|Q2-P24|4/22/2024 12:00:00 AM|4/22/2024 12:00:00 AM|4/1/2024 12:00:00 AM|4/1/2024 12:00:00 AM
CurrentWorkingView,29-Apr-24,29-Apr-24|29-Apr-24|May-P24|Q2-P24|4/29/2024 12:00:00 AM|4/29/2024 12:00:00 AM|4/29/2024 12:00:00 AM|4/1/2024 12:00:00 AM
CurrentWorkingView,06-May-24,06-May-24|06-May-24|May-P24|Q2-P24|5/6/2024 12:00:00 AM|5/6/2024 12:00:00 AM|4/29/2024 12:00:00 AM|4/1/2024 12:00:00 AM
CurrentWorkingView,13-May-24,13-May-24|13-May-24|May-P24|Q2-P24|5/13/2024 12:00:00 AM|5/13/2024 12:00:00 AM|4/29/2024 12:00:00 AM|4/1/2024 12:00:00 AM
CurrentWorkingView,20-May-24,20-May-24|20-May-24|May-P24|Q2-P24|5/20/2024 12:00:00 AM|5/20/2024 12:00:00 AM|4/29/2024 12:00:00 AM|4/1/2024 12:00:00 AM
CurrentWorkingView,27-May-24,27-May-24|27-May-24|Jun-P24|Q2-P24|5/27/2024 12:00:00 AM|5/27/2024 12:00:00 AM|5/27/2024 12:00:00 AM|4/1/2024 12:00:00 AM
CurrentWorkingView,03-Jun-24,03-Jun-24|03-Jun-24|Jun-P24|Q2-P24|6/3/2024 12:00:00 AM|6/3/2024 12:00:00 AM|5/27/2024 12:00:00 AM|4/1/2024 12:00:00 AM
CurrentWorkingView,10-Jun-24,10-Jun-24|10-Jun-24|Jun-P24|Q2-P24|6/10/2024 12:00:00 AM|6/10/2024 12:00:00 AM|5/27/2024 12:00:00 AM|4/1/2024 12:00:00 AM
CurrentWorkingView,17-Jun-24,17-Jun-24|17-Jun-24|Jun-P24|Q2-P24|6/17/2024 12:00:00 AM|6/17/2024 12:00:00 AM|5/27/2024 12:00:00 AM|4/1/2024 12:00:00 AM
CurrentWorkingView,24-Jun-24,24-Jun-24|24-Jun-24|Jun-P24|Q2-P24|6/24/2024 12:00:00 AM|6/24/2024 12:00:00 AM|5/27/2024 12:00:00 AM|4/1/2024 12:00:00 AM
CurrentWorkingView,01-Jul-24,01-Jul-24|01-Jul-24|Jul-P24|Q3-P24|7/1/2024 12:00:00 AM|7/1/2024 12:00:00 AM|7/1/2024 12:00:00 AM|7/1/2024 12:00:00 AM
CurrentWorkingView,08-Jul-24,08-Jul-24|08-Jul-24|Jul-P24|Q3-P24|7/8/2024 12:00:00 AM|7/8/2024 12:00:00 AM|7/1/2024 12:00:00 AM|7/1/2024 12:00:00 AM
CurrentWorkingView,15-Jul-24,15-Jul-24|15-Jul-24|Jul-P24|Q3-P24|7/15/2024 12:00:00 AM|7/15/2024 12:00:00 AM|7/1/2024 12:00:00 AM|7/1/2024 12:00:00 AM
CurrentWorkingView,22-Jul-24,22-Jul-24|22-Jul-24|Jul-P24|Q3-P24|7/22/2024 12:00:00 AM|7/22/2024 12:00:00 AM|7/1/2024 12:00:00 AM|7/1/2024 12:00:00 AM
CurrentWorkingView,29-Jul-24,29-Jul-24|29-Jul-24|Aug-P24|Q3-P24|7/29/2024 12:00:00 AM|7/29/2024 12:00:00 AM|7/29/2024 12:00:00 AM|7/1/2024 12:00:00 AM
CurrentWorkingView,05-Aug-24,05-Aug-24|05-Aug-24|Aug-P24|Q3-P24|8/5/2024 12:00:00 AM|8/5/2024 12:00:00 AM|7/29/2024 12:00:00 AM|7/1/2024 12:00:00 AM
CurrentWorkingView,12-Aug-24,12-Aug-24|12-Aug-24|Aug-P24|Q3-P24|8/12/2024 12:00:00 AM|8/12/2024 12:00:00 AM|7/29/2024 12:00:00 AM|7/1/2024 12:00:00 AM
CurrentWorkingView,19-Aug-24,19-Aug-24|19-Aug-24|Aug-P24|Q3-P24|8/19/2024 12:00:00 AM|8/19/2024 12:00:00 AM|7/29/2024 12:00:00 AM|7/1/2024 12:00:00 AM
CurrentWorkingView,26-Aug-24,26-Aug-24|26-Aug-24|Sep-P24|Q3-P24|8/26/2024 12:00:00 AM|8/26/2024 12:00:00 AM|8/26/2024 12:00:00 AM|7/1/2024 12:00:00 AM
CurrentWorkingView,02-Sep-24,02-Sep-24|02-Sep-24|Sep-P24|Q3-P24|9/2/2024 12:00:00 AM|9/2/2024 12:00:00 AM|8/26/2024 12:00:00 AM|7/1/2024 12:00:00 AM
CurrentWorkingView,09-Sep-24,09-Sep-24|09-Sep-24|Sep-P24|Q3-P24|9/9/2024 12:00:00 AM|9/9/2024 12:00:00 AM|8/26/2024 12:00:00 AM|7/1/2024 12:00:00 AM
CurrentWorkingView,16-Sep-24,16-Sep-24|16-Sep-24|Sep-P24|Q3-P24|9/16/2024 12:00:00 AM|9/16/2024 12:00:00 AM|8/26/2024 12:00:00 AM|7/1/2024 12:00:00 AM
CurrentWorkingView,23-Sep-24,23-Sep-24|23-Sep-24|Sep-P24|Q3-P24|9/23/2024 12:00:00 AM|9/23/2024 12:00:00 AM|8/26/2024 12:00:00 AM|7/1/2024 12:00:00 AM
CurrentWorkingView,30-Sep-24,30-Sep-24|30-Sep-24|Oct-P24|Q4-P24|9/30/2024 12:00:00 AM|9/30/2024 12:00:00 AM|9/30/2024 12:00:00 AM|9/30/2024 12:00:00 AM
CurrentWorkingView,07-Oct-24,07-Oct-24|07-Oct-24|Oct-P24|Q4-P24|10/7/2024 12:00:00 AM|10/7/2024 12:00:00 AM|9/30/2024 12:00:00 AM|9/30/2024 12:00:00 AM
CurrentWorkingView,14-Oct-24,14-Oct-24|14-Oct-24|Oct-P24|Q4-P24|10/14/2024 12:00:00 AM|10/14/2024 12:00:00 AM|9/30/2024 12:00:00 AM|9/30/2024 12:00:00 AM
CurrentWorkingView,21-Oct-24,21-Oct-24|21-Oct-24|Oct-P24|Q4-P24|10/21/2024 12:00:00 AM|10/21/2024 12:00:00 AM|9/30/2024 12:00:00 AM|9/30/2024 12:00:00 AM
CurrentWorkingView,28-Oct-24,28-Oct-24|28-Oct-24|Nov-P24|Q4-P24|10/28/2024 12:00:00 AM|10/28/2024 12:00:00 AM|10/28/2024 12:00:00 AM|9/30/2024 12:00:00 AM
CurrentWorkingView,04-Nov-24,04-Nov-24|04-Nov-24|Nov-P24|Q4-P24|11/4/2024 12:00:00 AM|11/4/2024 12:00:00 AM|10/28/2024 12:00:00 AM|9/30/2024 12:00:00 AM
CurrentWorkingView,11-Nov-24,11-Nov-24|11-Nov-24|Nov-P24|Q4-P24|11/11/2024 12:00:00 AM|11/11/2024 12:00:00 AM|10/28/2024 12:00:00 AM|9/30/2024 12:00:00 AM
CurrentWorkingView,18-Nov-24,18-Nov-24|18-Nov-24|Nov-P24|Q4-P24|11/18/2024 12:00:00 AM|11/18/2024 12:00:00 AM|10/28/2024 12:00:00 AM|9/30/2024 12:00:00 AM
CurrentWorkingView,25-Nov-24,25-Nov-24|25-Nov-24|Dec-P24|Q4-P24|11/25/2024 12:00:00 AM|11/25/2024 12:00:00 AM|11/25/2024 12:00:00 AM|9/30/2024 12:00:00 AM
CurrentWorkingView,02-Dec-24,02-Dec-24|02-Dec-24|Dec-P24|Q4-P24|12/2/2024 12:00:00 AM|12/2/2024 12:00:00 AM|11/25/2024 12:00:00 AM|9/30/2024 12:00:00 AM
CurrentWorkingView,09-Dec-24,09-Dec-24|09-Dec-24|Dec-P24|Q4-P24|12/9/2024 12:00:00 AM|12/9/2024 12:00:00 AM|11/25/2024 12:00:00 AM|9/30/2024 12:00:00 AM
CurrentWorkingView,16-Dec-24,16-Dec-24|16-Dec-24|Dec-P24|Q4-P24|12/16/2024 12:00:00 AM|12/16/2024 12:00:00 AM|11/25/2024 12:00:00 AM|9/30/2024 12:00:00 AM
CurrentWorkingView,23-Dec-24,23-Dec-24|23-Dec-24|Dec-P24|Q4-P24|12/23/2024 12:00:00 AM|12/23/2024 12:00:00 AM|11/25/2024 12:00:00 AM|9/30/2024 12:00:00 AM
CurrentWorkingView,30-Dec-24,30-Dec-24|30-Dec-24|Jan-P25|Q1-P25|12/30/2024 12:00:00 AM|12/30/2024 12:00:00 AM|12/30/2024 12:00:00 AM|12/30/2024 12:00:00 AM
CurrentWorkingView,06-Jan-25,06-Jan-25|06-Jan-25|Jan-P25|Q1-P25|1/6/2025 12:00:00 AM|1/6/2025 12:00:00 AM|12/30/2024 12:00:00 AM|12/30/2024 12:00:00 AM
CurrentWorkingView,13-Jan-25,13-Jan-25|13-Jan-25|Jan-P25|Q1-P25|1/13/2025 12:00:00 AM|1/13/2025 12:00:00 AM|12/30/2024 12:00:00 AM|12/30/2024 12:00:00 AM
CurrentWorkingView,20-Jan-25,20-Jan-25|20-Jan-25|Jan-P25|Q1-P25|1/20/2025 12:00:00 AM|1/20/2025 12:00:00 AM|12/30/2024 12:00:00 AM|12/30/2024 12:00:00 AM
CurrentWorkingView,27-Jan-25,27-Jan-25|27-Jan-25|Feb-P25|Q1-P25|1/27/2025 12:00:00 AM|1/27/2025 12:00:00 AM|1/27/2025 12:00:00 AM|12/30/2024 12:00:00 AM
CurrentWorkingView,03-Feb-25,03-Feb-25|03-Feb-25|Feb-P25|Q1-P25|2/3/2025 12:00:00 AM|2/3/2025 12:00:00 AM|1/27/2025 12:00:00 AM|12/30/2024 12:00:00 AM
CurrentWorkingView,10-Feb-25,10-Feb-25|10-Feb-25|Feb-P25|Q1-P25|2/10/2025 12:00:00 AM|2/10/2025 12:00:00 AM|1/27/2025 12:00:00 AM|12/30/2024 12:00:00 AM
CurrentWorkingView,17-Feb-25,17-Feb-25|17-Feb-25|Feb-P25|Q1-P25|2/17/2025 12:00:00 AM|2/17/2025 12:00:00 AM|1/27/2025 12:00:00 AM|12/30/2024 12:00:00 AM
CurrentWorkingView,24-Feb-25,24-Feb-25|24-Feb-25|Mar-P25|Q1-P25|2/24/2025 12:00:00 AM|2/24/2025 12:00:00 AM|2/24/2025 12:00:00 AM|12/30/2024 12:00:00 AM
CurrentWorkingView,03-Mar-25,03-Mar-25|03-Mar-25|Mar-P25|Q1-P25|3/3/2025 12:00:00 AM|3/3/2025 12:00:00 AM|2/24/2025 12:00:00 AM|12/30/2024 12:00:00 AM
CurrentWorkingView,10-Mar-25,10-Mar-25|10-Mar-25|Mar-P25|Q1-P25|3/10/2025 12:00:00 AM|3/10/2025 12:00:00 AM|2/24/2025 12:00:00 AM|12/30/2024 12:00:00 AM
CurrentWorkingView,17-Mar-25,17-Mar-25|17-Mar-25|Mar-P25|Q1-P25|3/17/2025 12:00:00 AM|3/17/2025 12:00:00 AM|2/24/2025 12:00:00 AM|12/30/2024 12:00:00 AM
CurrentWorkingView,24-Mar-25,24-Mar-25|24-Mar-25|Mar-P25|Q1-P25|3/24/2025 12:00:00 AM|3/24/2025 12:00:00 AM|2/24/2025 12:00:00 AM|12/30/2024 12:00:00 AM
CurrentWorkingView,31-Mar-25,31-Mar-25|31-Mar-25|Apr-P25|Q2-P25|3/31/2025 12:00:00 AM|3/31/2025 12:00:00 AM|3/31/2025 12:00:00 AM|3/31/2025 12:00:00 AM
CurrentWorkingView,07-Apr-25,07-Apr-25|07-Apr-25|Apr-P25|Q2-P25|4/7/2025 12:00:00 AM|4/7/2025 12:00:00 AM|3/31/2025 12:00:00 AM|3/31/2025 12:00:00 AM
CurrentWorkingView,14-Apr-25,14-Apr-25|14-Apr-25|Apr-P25|Q2-P25|4/14/2025 12:00:00 AM|4/14/2025 12:00:00 AM|3/31/2025 12:00:00 AM|3/31/2025 12:00:00 AM
CurrentWorkingView,21-Apr-25,21-Apr-25|21-Apr-25|Apr-P25|Q2-P25|4/21/2025 12:00:00 AM|4/21/2025 12:00:00 AM|3/31/2025 12:00:00 AM|3/31/2025 12:00:00 AM
CurrentWorkingView,28-Apr-25,28-Apr-25|28-Apr-25|May-P25|Q2-P25|4/28/2025 12:00:00 AM|4/28/2025 12:00:00 AM|4/28/2025 12:00:00 AM|3/31/2025 12:00:00 AM
CurrentWorkingView,05-May-25,05-May-25|05-May-25|May-P25|Q2-P25|5/5/2025 12:00:00 AM|5/5/2025 12:00:00 AM|4/28/2025 12:00:00 AM|3/31/2025 12:00:00 AM
CurrentWorkingView,12-May-25,12-May-25|12-May-25|May-P25|Q2-P25|5/12/2025 12:00:00 AM|5/12/2025 12:00:00 AM|4/28/2025 12:00:00 AM|3/31/2025 12:00:00 AM
CurrentWorkingView,19-May-25,19-May-25|19-May-25|May-P25|Q2-P25|5/19/2025 12:00:00 AM|5/19/2025 12:00:00 AM|4/28/2025 12:00:00 AM|3/31/2025 12:00:00 AM
CurrentWorkingView,26-May-25,26-May-25|26-May-25|Jun-P25|Q2-P25|5/26/2025 12:00:00 AM|5/26/2025 12:00:00 AM|5/26/2025 12:00:00 AM|3/31/2025 12:00:00 AM
CurrentWorkingView,02-Jun-25,02-Jun-25|02-Jun-25|Jun-P25|Q2-P25|6/2/2025 12:00:00 AM|6/2/2025 12:00:00 AM|5/26/2025 12:00:00 AM|3/31/2025 12:00:00 AM
CurrentWorkingView,09-Jun-25,09-Jun-25|09-Jun-25|Jun-P25|Q2-P25|6/9/2025 12:00:00 AM|6/9/2025 12:00:00 AM|5/26/2025 12:00:00 AM|3/31/2025 12:00:00 AM
CurrentWorkingView,16-Jun-25,16-Jun-25|16-Jun-25|Jun-P25|Q2-P25|6/16/2025 12:00:00 AM|6/16/2025 12:00:00 AM|5/26/2025 12:00:00 AM|3/31/2025 12:00:00 AM
CurrentWorkingView,23-Jun-25,23-Jun-25|23-Jun-25|Jun-P25|Q2-P25|6/23/2025 12:00:00 AM|6/23/2025 12:00:00 AM|5/26/2025 12:00:00 AM|3/31/2025 12:00:00 AM
CurrentWorkingView,30-Jun-25,30-Jun-25|30-Jun-25|Jul-P25|Q3-P25|6/30/2025 12:00:00 AM|6/30/2025 12:00:00 AM|6/30/2025 12:00:00 AM|6/30/2025 12:00:00 AM
CurrentWorkingView,07-Jul-25,07-Jul-25|07-Jul-25|Jul-P25|Q3-P25|7/7/2025 12:00:00 AM|7/7/2025 12:00:00 AM|6/30/2025 12:00:00 AM|6/30/2025 12:00:00 AM
CurrentWorkingView,14-Jul-25,14-Jul-25|14-Jul-25|Jul-P25|Q3-P25|7/14/2025 12:00:00 AM|7/14/2025 12:00:00 AM|6/30/2025 12:00:00 AM|6/30/2025 12:00:00 AM
CurrentWorkingView,21-Jul-25,21-Jul-25|21-Jul-25|Jul-P25|Q3-P25|7/21/2025 12:00:00 AM|7/21/2025 12:00:00 AM|6/30/2025 12:00:00 AM|6/30/2025 12:00:00 AM
CurrentWorkingView,28-Jul-25,28-Jul-25|28-Jul-25|Aug-P25|Q3-P25|7/28/2025 12:00:00 AM|7/28/2025 12:00:00 AM|7/28/2025 12:00:00 AM|6/30/2025 12:00:00 AM
CurrentWorkingView,04-Aug-25,04-Aug-25|04-Aug-25|Aug-P25|Q3-P25|8/4/2025 12:00:00 AM|8/4/2025 12:00:00 AM|7/28/2025 12:00:00 AM|6/30/2025 12:00:00 AM
CurrentWorkingView,11-Aug-25,11-Aug-25|11-Aug-25|Aug-P25|Q3-P25|8/11/2025 12:00:00 AM|8/11/2025 12:00:00 AM|7/28/2025 12:00:00 AM|6/30/2025 12:00:00 AM
CurrentWorkingView,18-Aug-25,18-Aug-25|18-Aug-25|Aug-P25|Q3-P25|8/18/2025 12:00:00 AM|8/18/2025 12:00:00 AM|7/28/2025 12:00:00 AM|6/30/2025 12:00:00 AM
CurrentWorkingView,25-Aug-25,25-Aug-25|25-Aug-25|Sep-P25|Q3-P25|8/25/2025 12:00:00 AM|8/25/2025 12:00:00 AM|8/25/2025 12:00:00 AM|6/30/2025 12:00:00 AM
CurrentWorkingView,01-Sep-25,01-Sep-25|01-Sep-25|Sep-P25|Q3-P25|9/1/2025 12:00:00 AM|9/1/2025 12:00:00 AM|8/25/2025 12:00:00 AM|6/30/2025 12:00:00 AM
CurrentWorkingView,08-Sep-25,08-Sep-25|08-Sep-25|Sep-P25|Q3-P25|9/8/2025 12:00:00 AM|9/8/2025 12:00:00 AM|8/25/2025 12:00:00 AM|6/30/2025 12:00:00 AM
CurrentWorkingView,15-Sep-25,15-Sep-25|15-Sep-25|Sep-P25|Q3-P25|9/15/2025 12:00:00 AM|9/15/2025 12:00:00 AM|8/25/2025 12:00:00 AM|6/30/2025 12:00:00 AM
CurrentWorkingView,22-Sep-25,22-Sep-25|22-Sep-25|Sep-P25|Q3-P25|9/22/2025 12:00:00 AM|9/22/2025 12:00:00 AM|8/25/2025 12:00:00 AM|6/30/2025 12:00:00 AM
CurrentWorkingView,29-Sep-25,29-Sep-25|29-Sep-25|Oct-P25|Q4-P25|9/29/2025 12:00:00 AM|9/29/2025 12:00:00 AM|9/29/2025 12:00:00 AM|9/29/2025 12:00:00 AM
CurrentWorkingView,06-Oct-25,06-Oct-25|06-Oct-25|Oct-P25|Q4-P25|10/6/2025 12:00:00 AM|10/6/2025 12:00:00 AM|9/29/2025 12:00:00 AM|9/29/2025 12:00:00 AM
CurrentWorkingView,13-Oct-25,13-Oct-25|13-Oct-25|Oct-P25|Q4-P25|10/13/2025 12:00:00 AM|10/13/2025 12:00:00 AM|9/29/2025 12:00:00 AM|9/29/2025 12:00:00 AM
CurrentWorkingView,20-Oct-25,20-Oct-25|20-Oct-25|Oct-P25|Q4-P25|10/20/2025 12:00:00 AM|10/20/2025 12:00:00 AM|9/29/2025 12:00:00 AM|9/29/2025 12:00:00 AM
CurrentWorkingView,27-Oct-25,27-Oct-25|27-Oct-25|Nov-P25|Q4-P25|10/27/2025 12:00:00 AM|10/27/2025 12:00:00 AM|10/27/2025 12:00:00 AM|9/29/2025 12:00:00 AM
CurrentWorkingView,03-Nov-25,03-Nov-25|03-Nov-25|Nov-P25|Q4-P25|11/3/2025 12:00:00 AM|11/3/2025 12:00:00 AM|10/27/2025 12:00:00 AM|9/29/2025 12:00:00 AM
CurrentWorkingView,10-Nov-25,10-Nov-25|10-Nov-25|Nov-P25|Q4-P25|11/10/2025 12:00:00 AM|11/10/2025 12:00:00 AM|10/27/2025 12:00:00 AM|9/29/2025 12:00:00 AM
CurrentWorkingView,17-Nov-25,17-Nov-25|17-Nov-25|Nov-P25|Q4-P25|11/17/2025 12:00:00 AM|11/17/2025 12:00:00 AM|10/27/2025 12:00:00 AM|9/29/2025 12:00:00 AM
CurrentWorkingView,24-Nov-25,24-Nov-25|24-Nov-25|Dec-P25|Q4-P25|11/24/2025 12:00:00 AM|11/24/2025 12:00:00 AM|11/24/2025 12:00:00 AM|9/29/2025 12:00:00 AM
CurrentWorkingView,01-Dec-25,01-Dec-25|01-Dec-25|Dec-P25|Q4-P25|12/1/2025 12:00:00 AM|12/1/2025 12:00:00 AM|11/24/2025 12:00:00 AM|9/29/2025 12:00:00 AM
CurrentWorkingView,08-Dec-25,08-Dec-25|08-Dec-25|Dec-P25|Q4-P25|12/8/2025 12:00:00 AM|12/8/2025 12:00:00 AM|11/24/2025 12:00:00 AM|9/29/2025 12:00:00 AM
CurrentWorkingView,15-Dec-25,15-Dec-25|15-Dec-25|Dec-P25|Q4-P25|12/15/2025 12:00:00 AM|12/15/2025 12:00:00 AM|11/24/2025 12:00:00 AM|9/29/2025 12:00:00 AM
CurrentWorkingView,22-Dec-25,22-Dec-25|22-Dec-25|Dec-P25|Q4-P25|12/22/2025 12:00:00 AM|12/22/2025 12:00:00 AM|11/24/2025 12:00:00 AM|9/29/2025 12:00:00 AM
CurrentWorkingView,29-Dec-25,29-Dec-25|29-Dec-25|Jan-P26|Q1-P26|12/29/2025 12:00:00 AM|12/29/2025 12:00:00 AM|12/29/2025 12:00:00 AM|12/29/2025 12:00:00 AM
CurrentWorkingView,05-Jan-26,05-Jan-26|05-Jan-26|Jan-P26|Q1-P26|1/5/2026 12:00:00 AM|1/5/2026 12:00:00 AM|12/29/2025 12:00:00 AM|12/29/2025 12:00:00 AM
CurrentWorkingView,12-Jan-26,12-Jan-26|12-Jan-26|Jan-P26|Q1-P26|1/12/2026 12:00:00 AM|1/12/2026 12:00:00 AM|12/29/2025 12:00:00 AM|12/29/2025 12:00:00 AM
CurrentWorkingView,19-Jan-26,19-Jan-26|19-Jan-26|Jan-P26|Q1-P26|1/19/2026 12:00:00 AM|1/19/2026 12:00:00 AM|12/29/2025 12:00:00 AM|12/29/2025 12:00:00 AM
CurrentWorkingView,26-Jan-26,26-Jan-26|26-Jan-26|Feb-P26|Q1-P26|1/26/2026 12:00:00 AM|1/26/2026 12:00:00 AM|1/26/2026 12:00:00 AM|12/29/2025 12:00:00 AM
CurrentWorkingView,02-Feb-26,02-Feb-26|02-Feb-26|Feb-P26|Q1-P26|2/2/2026 12:00:00 AM|2/2/2026 12:00:00 AM|1/26/2026 12:00:00 AM|12/29/2025 12:00:00 AM
CurrentWorkingView,09-Feb-26,09-Feb-26|09-Feb-26|Feb-P26|Q1-P26|2/9/2026 12:00:00 AM|2/9/2026 12:00:00 AM|1/26/2026 12:00:00 AM|12/29/2025 12:00:00 AM
CurrentWorkingView,16-Feb-26,16-Feb-26|16-Feb-26|Feb-P26|Q1-P26|2/16/2026 12:00:00 AM|2/16/2026 12:00:00 AM|1/26/2026 12:00:00 AM|12/29/2025 12:00:00 AM
CurrentWorkingView,23-Feb-26,23-Feb-26|23-Feb-26|Mar-P26|Q1-P26|2/23/2026 12:00:00 AM|2/23/2026 12:00:00 AM|2/23/2026 12:00:00 AM|12/29/2025 12:00:00 AM
CurrentWorkingView,02-Mar-26,02-Mar-26|02-Mar-26|Mar-P26|Q1-P26|3/2/2026 12:00:00 AM|3/2/2026 12:00:00 AM|2/23/2026 12:00:00 AM|12/29/2025 12:00:00 AM
CurrentWorkingView,09-Mar-26,09-Mar-26|09-Mar-26|Mar-P26|Q1-P26|3/9/2026 12:00:00 AM|3/9/2026 12:00:00 AM|2/23/2026 12:00:00 AM|12/29/2025 12:00:00 AM
CurrentWorkingView,16-Mar-26,16-Mar-26|16-Mar-26|Mar-P26|Q1-P26|3/16/2026 12:00:00 AM|3/16/2026 12:00:00 AM|2/23/2026 12:00:00 AM|12/29/2025 12:00:00 AM
CurrentWorkingView,23-Mar-26,23-Mar-26|23-Mar-26|Mar-P26|Q1-P26|3/23/2026 12:00:00 AM|3/23/2026 12:00:00 AM|2/23/2026 12:00:00 AM|12/29/2025 12:00:00 AM
CurrentWorkingView,30-Mar-26,30-Mar-26|30-Mar-26|Apr-P26|Q2-P26|3/30/2026 12:00:00 AM|3/30/2026 12:00:00 AM|3/30/2026 12:00:00 AM|3/30/2026 12:00:00 AM
CurrentWorkingView,06-Apr-26,06-Apr-26|06-Apr-26|Apr-P26|Q2-P26|4/6/2026 12:00:00 AM|4/6/2026 12:00:00 AM|3/30/2026 12:00:00 AM|3/30/2026 12:00:00 AM
CurrentWorkingView,13-Apr-26,13-Apr-26|13-Apr-26|Apr-P26|Q2-P26|4/13/2026 12:00:00 AM|4/13/2026 12:00:00 AM|3/30/2026 12:00:00 AM|3/30/2026 12:00:00 AM
CurrentWorkingView,20-Apr-26,20-Apr-26|20-Apr-26|Apr-P26|Q2-P26|4/20/2026 12:00:00 AM|4/20/2026 12:00:00 AM|3/30/2026 12:00:00 AM|3/30/2026 12:00:00 AM
CurrentWorkingView,27-Apr-26,27-Apr-26|27-Apr-26|May-P26|Q2-P26|4/27/2026 12:00:00 AM|4/27/2026 12:00:00 AM|4/27/2026 12:00:00 AM|3/30/2026 12:00:00 AM
CurrentWorkingView,04-May-26,04-May-26|04-May-26|May-P26|Q2-P26|5/4/2026 12:00:00 AM|5/4/2026 12:00:00 AM|4/27/2026 12:00:00 AM|3/30/2026 12:00:00 AM
CurrentWorkingView,11-May-26,11-May-26|11-May-26|May-P26|Q2-P26|5/11/2026 12:00:00 AM|5/11/2026 12:00:00 AM|4/27/2026 12:00:00 AM|3/30/2026 12:00:00 AM
CurrentWorkingView,18-May-26,18-May-26|18-May-26|May-P26|Q2-P26|5/18/2026 12:00:00 AM|5/18/2026 12:00:00 AM|4/27/2026 12:00:00 AM|3/30/2026 12:00:00 AM
CurrentWorkingView,25-May-26,25-May-26|25-May-26|Jun-P26|Q2-P26|5/25/2026 12:00:00 AM|5/25/2026 12:00:00 AM|5/25/2026 12:00:00 AM|3/30/2026 12:00:00 AM
CurrentWorkingView,01-Jun-26,01-Jun-26|01-Jun-26|Jun-P26|Q2-P26|6/1/2026 12:00:00 AM|6/1/2026 12:00:00 AM|5/25/2026 12:00:00 AM|3/30/2026 12:00:00 AM
CurrentWorkingView,08-Jun-26,08-Jun-26|08-Jun-26|Jun-P26|Q2-P26|6/8/2026 12:00:00 AM|6/8/2026 12:00:00 AM|5/25/2026 12:00:00 AM|3/30/2026 12:00:00 AM
CurrentWorkingView,15-Jun-26,15-Jun-26|15-Jun-26|Jun-P26|Q2-P26|6/15/2026 12:00:00 AM|6/15/2026 12:00:00 AM|5/25/2026 12:00:00 AM|3/30/2026 12:00:00 AM
CurrentWorkingView,22-Jun-26,22-Jun-26|22-Jun-26|Jun-P26|Q2-P26|6/22/2026 12:00:00 AM|6/22/2026 12:00:00 AM|5/25/2026 12:00:00 AM|3/30/2026 12:00:00 AM
CurrentWorkingView,29-Jun-26,29-Jun-26|29-Jun-26|Jul-P26|Q3-P26|6/29/2026 12:00:00 AM|6/29/2026 12:00:00 AM|6/29/2026 12:00:00 AM|6/29/2026 12:00:00 AM
CurrentWorkingView,06-Jul-26,06-Jul-26|06-Jul-26|Jul-P26|Q3-P26|7/6/2026 12:00:00 AM|7/6/2026 12:00:00 AM|6/29/2026 12:00:00 AM|6/29/2026 12:00:00 AM
CurrentWorkingView,13-Jul-26,13-Jul-26|13-Jul-26|Jul-P26|Q3-P26|7/13/2026 12:00:00 AM|7/13/2026 12:00:00 AM|6/29/2026 12:00:00 AM|6/29/2026 12:00:00 AM
CurrentWorkingView,20-Jul-26,20-Jul-26|20-Jul-26|Jul-P26|Q3-P26|7/20/2026 12:00:00 AM|7/20/2026 12:00:00 AM|6/29/2026 12:00:00 AM|6/29/2026 12:00:00 AM
CurrentWorkingView,27-Jul-26,27-Jul-26|27-Jul-26|Aug-P26|Q3-P26|7/27/2026 12:00:00 AM|7/27/2026 12:00:00 AM|7/27/2026 12:00:00 AM|6/29/2026 12:00:00 AM
CurrentWorkingView,03-Aug-26,03-Aug-26|03-Aug-26|Aug-P26|Q3-P26|8/3/2026 12:00:00 AM|8/3/2026 12:00:00 AM|7/27/2026 12:00:00 AM|6/29/2026 12:00:00 AM
CurrentWorkingView,10-Aug-26,10-Aug-26|10-Aug-26|Aug-P26|Q3-P26|8/10/2026 12:00:00 AM|8/10/2026 12:00:00 AM|7/27/2026 12:00:00 AM|6/29/2026 12:00:00 AM
CurrentWorkingView,17-Aug-26,17-Aug-26|17-Aug-26|Aug-P26|Q3-P26|8/17/2026 12:00:00 AM|8/17/2026 12:00:00 AM|7/27/2026 12:00:00 AM|6/29/2026 12:00:00 AM
CurrentWorkingView,24-Aug-26,24-Aug-26|24-Aug-26|Sep-P26|Q3-P26|8/24/2026 12:00:00 AM|8/24/2026 12:00:00 AM|8/24/2026 12:00:00 AM|6/29/2026 12:00:00 AM
CurrentWorkingView,31-Aug-26,31-Aug-26|31-Aug-26|Sep-P26|Q3-P26|8/31/2026 12:00:00 AM|8/31/2026 12:00:00 AM|8/24/2026 12:00:00 AM|6/29/2026 12:00:00 AM
CurrentWorkingView,07-Sep-26,07-Sep-26|07-Sep-26|Sep-P26|Q3-P26|9/7/2026 12:00:00 AM|9/7/2026 12:00:00 AM|8/24/2026 12:00:00 AM|6/29/2026 12:00:00 AM
CurrentWorkingView,14-Sep-26,14-Sep-26|14-Sep-26|Sep-P26|Q3-P26|9/14/2026 12:00:00 AM|9/14/2026 12:00:00 AM|8/24/2026 12:00:00 AM|6/29/2026 12:00:00 AM
CurrentWorkingView,21-Sep-26,21-Sep-26|21-Sep-26|Sep-P26|Q3-P26|9/21/2026 12:00:00 AM|9/21/2026 12:00:00 AM|8/24/2026 12:00:00 AM|6/29/2026 12:00:00 AM
CurrentWorkingView,28-Sep-26,28-Sep-26|28-Sep-26|Oct-P26|Q4-P26|9/28/2026 12:00:00 AM|9/28/2026 12:00:00 AM|9/28/2026 12:00:00 AM|9/28/2026 12:00:00 AM
CurrentWorkingView,05-Oct-26,05-Oct-26|05-Oct-26|Oct-P26|Q4-P26|10/5/2026 12:00:00 AM|10/5/2026 12:00:00 AM|9/28/2026 12:00:00 AM|9/28/2026 12:00:00 AM
CurrentWorkingView,12-Oct-26,12-Oct-26|12-Oct-26|Oct-P26|Q4-P26|10/12/2026 12:00:00 AM|10/12/2026 12:00:00 AM|9/28/2026 12:00:00 AM|9/28/2026 12:00:00 AM
CurrentWorkingView,19-Oct-26,19-Oct-26|19-Oct-26|Oct-P26|Q4-P26|10/19/2026 12:00:00 AM|10/19/2026 12:00:00 AM|9/28/2026 12:00:00 AM|9/28/2026 12:00:00 AM
CurrentWorkingView,26-Oct-26,26-Oct-26|26-Oct-26|Nov-P26|Q4-P26|10/26/2026 12:00:00 AM|10/26/2026 12:00:00 AM|10/26/2026 12:00:00 AM|9/28/2026 12:00:00 AM
CurrentWorkingView,02-Nov-26,02-Nov-26|02-Nov-26|Nov-P26|Q4-P26|11/2/2026 12:00:00 AM|11/2/2026 12:00:00 AM|10/26/2026 12:00:00 AM|9/28/2026 12:00:00 AM
CurrentWorkingView,09-Nov-26,09-Nov-26|09-Nov-26|Nov-P26|Q4-P26|11/9/2026 12:00:00 AM|11/9/2026 12:00:00 AM|10/26/2026 12:00:00 AM|9/28/2026 12:00:00 AM
CurrentWorkingView,16-Nov-26,16-Nov-26|16-Nov-26|Nov-P26|Q4-P26|11/16/2026 12:00:00 AM|11/16/2026 12:00:00 AM|10/26/2026 12:00:00 AM|9/28/2026 12:00:00 AM
CurrentWorkingView,23-Nov-26,23-Nov-26|23-Nov-26|Dec-P26|Q4-P26|11/23/2026 12:00:00 AM|11/23/2026 12:00:00 AM|11/23/2026 12:00:00 AM|9/28/2026 12:00:00 AM
CurrentWorkingView,30-Nov-26,30-Nov-26|30-Nov-26|Dec-P26|Q4-P26|11/30/2026 12:00:00 AM|11/30/2026 12:00:00 AM|11/23/2026 12:00:00 AM|9/28/2026 12:00:00 AM
CurrentWorkingView,07-Dec-26,07-Dec-26|07-Dec-26|Dec-P26|Q4-P26|12/7/2026 12:00:00 AM|12/7/2026 12:00:00 AM|11/23/2026 12:00:00 AM|9/28/2026 12:00:00 AM
CurrentWorkingView,14-Dec-26,14-Dec-26|14-Dec-26|Dec-P26|Q4-P26|12/14/2026 12:00:00 AM|12/14/2026 12:00:00 AM|11/23/2026 12:00:00 AM|9/28/2026 12:00:00 AM
CurrentWorkingView,21-Dec-26,21-Dec-26|21-Dec-26|Dec-P26|Q4-P26|12/21/2026 12:00:00 AM|12/21/2026 12:00:00 AM|11/23/2026 12:00:00 AM|9/28/2026 12:00:00 AM
CurrentWorkingView,28-Dec-26,28-Dec-26|28-Dec-26|Jan-P27|Q1-P27|12/28/2026 12:00:00 AM|12/28/2026 12:00:00 AM|12/28/2026 12:00:00 AM|12/28/2026 12:00:00 AM
CurrentWorkingView,04-Jan-27,04-Jan-27|04-Jan-27|Jan-P27|Q1-P27|1/4/2027 12:00:00 AM|1/4/2027 12:00:00 AM|12/28/2026 12:00:00 AM|12/28/2026 12:00:00 AM
CurrentWorkingView,11-Jan-27,11-Jan-27|11-Jan-27|Jan-P27|Q1-P27|1/11/2027 12:00:00 AM|1/11/2027 12:00:00 AM|12/28/2026 12:00:00 AM|12/28/2026 12:00:00 AM
CurrentWorkingView,18-Jan-27,18-Jan-27|18-Jan-27|Jan-P27|Q1-P27|1/18/2027 12:00:00 AM|1/18/2027 12:00:00 AM|12/28/2026 12:00:00 AM|12/28/2026 12:00:00 AM
CurrentWorkingView,25-Jan-27,25-Jan-27|25-Jan-27|Feb-P27|Q1-P27|1/25/2027 12:00:00 AM|1/25/2027 12:00:00 AM|1/25/2027 12:00:00 AM|12/28/2026 12:00:00 AM
CurrentWorkingView,01-Feb-27,01-Feb-27|01-Feb-27|Feb-P27|Q1-P27|2/1/2027 12:00:00 AM|2/1/2027 12:00:00 AM|1/25/2027 12:00:00 AM|12/28/2026 12:00:00 AM
CurrentWorkingView,08-Feb-27,08-Feb-27|08-Feb-27|Feb-P27|Q1-P27|2/8/2027 12:00:00 AM|2/8/2027 12:00:00 AM|1/25/2027 12:00:00 AM|12/28/2026 12:00:00 AM
CurrentWorkingView,15-Feb-27,15-Feb-27|15-Feb-27|Feb-P27|Q1-P27|2/15/2027 12:00:00 AM|2/15/2027 12:00:00 AM|1/25/2027 12:00:00 AM|12/28/2026 12:00:00 AM
CurrentWorkingView,22-Feb-27,22-Feb-27|22-Feb-27|Mar-P27|Q1-P27|2/22/2027 12:00:00 AM|2/22/2027 12:00:00 AM|2/22/2027 12:00:00 AM|12/28/2026 12:00:00 AM
CurrentWorkingView,01-Mar-27,01-Mar-27|01-Mar-27|Mar-P27|Q1-P27|3/1/2027 12:00:00 AM|3/1/2027 12:00:00 AM|2/22/2027 12:00:00 AM|12/28/2026 12:00:00 AM
CurrentWorkingView,08-Mar-27,08-Mar-27|08-Mar-27|Mar-P27|Q1-P27|3/8/2027 12:00:00 AM|3/8/2027 12:00:00 AM|2/22/2027 12:00:00 AM|12/28/2026 12:00:00 AM
CurrentWorkingView,15-Mar-27,15-Mar-27|15-Mar-27|Mar-P27|Q1-P27|3/15/2027 12:00:00 AM|3/15/2027 12:00:00 AM|2/22/2027 12:00:00 AM|12/28/2026 12:00:00 AM
CurrentWorkingView,22-Mar-27,22-Mar-27|22-Mar-27|Mar-P27|Q1-P27|3/22/2027 12:00:00 AM|3/22/2027 12:00:00 AM|2/22/2027 12:00:00 AM|12/28/2026 12:00:00 AM
CurrentWorkingView,29-Mar-27,29-Mar-27|29-Mar-27|Apr-P27|Q2-P27|3/29/2027 12:00:00 AM|3/29/2027 12:00:00 AM|3/29/2027 12:00:00 AM|3/29/2027 12:00:00 AM
CurrentWorkingView,05-Apr-27,05-Apr-27|05-Apr-27|Apr-P27|Q2-P27|4/5/2027 12:00:00 AM|4/5/2027 12:00:00 AM|3/29/2027 12:00:00 AM|3/29/2027 12:00:00 AM
CurrentWorkingView,12-Apr-27,12-Apr-27|12-Apr-27|Apr-P27|Q2-P27|4/12/2027 12:00:00 AM|4/12/2027 12:00:00 AM|3/29/2027 12:00:00 AM|3/29/2027 12:00:00 AM
CurrentWorkingView,19-Apr-27,19-Apr-27|19-Apr-27|Apr-P27|Q2-P27|4/19/2027 12:00:00 AM|4/19/2027 12:00:00 AM|3/29/2027 12:00:00 AM|3/29/2027 12:00:00 AM
CurrentWorkingView,26-Apr-27,26-Apr-27|26-Apr-27|May-P27|Q2-P27|4/26/2027 12:00:00 AM|4/26/2027 12:00:00 AM|4/26/2027 12:00:00 AM|3/29/2027 12:00:00 AM
CurrentWorkingView,03-May-27,03-May-27|03-May-27|May-P27|Q2-P27|5/3/2027 12:00:00 AM|5/3/2027 12:00:00 AM|4/26/2027 12:00:00 AM|3/29/2027 12:00:00 AM
CurrentWorkingView,10-May-27,10-May-27|10-May-27|May-P27|Q2-P27|5/10/2027 12:00:00 AM|5/10/2027 12:00:00 AM|4/26/2027 12:00:00 AM|3/29/2027 12:00:00 AM
CurrentWorkingView,17-May-27,17-May-27|17-May-27|May-P27|Q2-P27|5/17/2027 12:00:00 AM|5/17/2027 12:00:00 AM|4/26/2027 12:00:00 AM|3/29/2027 12:00:00 AM
CurrentWorkingView,24-May-27,24-May-27|24-May-27|Jun-P27|Q2-P27|5/24/2027 12:00:00 AM|5/24/2027 12:00:00 AM|5/24/2027 12:00:00 AM|3/29/2027 12:00:00 AM
CurrentWorkingView,31-May-27,31-May-27|31-May-27|Jun-P27|Q2-P27|5/31/2027 12:00:00 AM|5/31/2027 12:00:00 AM|5/24/2027 12:00:00 AM|3/29/2027 12:00:00 AM
CurrentWorkingView,07-Jun-27,07-Jun-27|07-Jun-27|Jun-P27|Q2-P27|6/7/2027 12:00:00 AM|6/7/2027 12:00:00 AM|5/24/2027 12:00:00 AM|3/29/2027 12:00:00 AM
CurrentWorkingView,14-Jun-27,14-Jun-27|14-Jun-27|Jun-P27|Q2-P27|6/14/2027 12:00:00 AM|6/14/2027 12:00:00 AM|5/24/2027 12:00:00 AM|3/29/2027 12:00:00 AM
CurrentWorkingView,21-Jun-27,21-Jun-27|21-Jun-27|Jun-P27|Q2-P27|6/21/2027 12:00:00 AM|6/21/2027 12:00:00 AM|5/24/2027 12:00:00 AM|3/29/2027 12:00:00 AM
CurrentWorkingView,28-Jun-27,28-Jun-27|28-Jun-27|Jul-P27|Q3-P27|6/28/2027 12:00:00 AM|6/28/2027 12:00:00 AM|6/28/2027 12:00:00 AM|6/28/2027 12:00:00 AM
CurrentWorkingView,05-Jul-27,05-Jul-27|05-Jul-27|Jul-P27|Q3-P27|7/5/2027 12:00:00 AM|7/5/2027 12:00:00 AM|6/28/2027 12:00:00 AM|6/28/2027 12:00:00 AM
CurrentWorkingView,12-Jul-27,12-Jul-27|12-Jul-27|Jul-P27|Q3-P27|7/12/2027 12:00:00 AM|7/12/2027 12:00:00 AM|6/28/2027 12:00:00 AM|6/28/2027 12:00:00 AM
CurrentWorkingView,19-Jul-27,19-Jul-27|19-Jul-27|Jul-P27|Q3-P27|7/19/2027 12:00:00 AM|7/19/2027 12:00:00 AM|6/28/2027 12:00:00 AM|6/28/2027 12:00:00 AM
CurrentWorkingView,26-Jul-27,26-Jul-27|26-Jul-27|Aug-P27|Q3-P27|7/26/2027 12:00:00 AM|7/26/2027 12:00:00 AM|7/26/2027 12:00:00 AM|6/28/2027 12:00:00 AM
CurrentWorkingView,02-Aug-27,02-Aug-27|02-Aug-27|Aug-P27|Q3-P27|8/2/2027 12:00:00 AM|8/2/2027 12:00:00 AM|7/26/2027 12:00:00 AM|6/28/2027 12:00:00 AM
CurrentWorkingView,09-Aug-27,09-Aug-27|09-Aug-27|Aug-P27|Q3-P27|8/9/2027 12:00:00 AM|8/9/2027 12:00:00 AM|7/26/2027 12:00:00 AM|6/28/2027 12:00:00 AM
CurrentWorkingView,16-Aug-27,16-Aug-27|16-Aug-27|Aug-P27|Q3-P27|8/16/2027 12:00:00 AM|8/16/2027 12:00:00 AM|7/26/2027 12:00:00 AM|6/28/2027 12:00:00 AM
CurrentWorkingView,23-Aug-27,23-Aug-27|23-Aug-27|Sep-P27|Q3-P27|8/23/2027 12:00:00 AM|8/23/2027 12:00:00 AM|8/23/2027 12:00:00 AM|6/28/2027 12:00:00 AM
CurrentWorkingView,30-Aug-27,30-Aug-27|30-Aug-27|Sep-P27|Q3-P27|8/30/2027 12:00:00 AM|8/30/2027 12:00:00 AM|8/23/2027 12:00:00 AM|6/28/2027 12:00:00 AM
CurrentWorkingView,06-Sep-27,06-Sep-27|06-Sep-27|Sep-P27|Q3-P27|9/6/2027 12:00:00 AM|9/6/2027 12:00:00 AM|8/23/2027 12:00:00 AM|6/28/2027 12:00:00 AM
CurrentWorkingView,13-Sep-27,13-Sep-27|13-Sep-27|Sep-P27|Q3-P27|9/13/2027 12:00:00 AM|9/13/2027 12:00:00 AM|8/23/2027 12:00:00 AM|6/28/2027 12:00:00 AM
CurrentWorkingView,20-Sep-27,20-Sep-27|20-Sep-27|Sep-P27|Q3-P27|9/20/2027 12:00:00 AM|9/20/2027 12:00:00 AM|8/23/2027 12:00:00 AM|6/28/2027 12:00:00 AM
CurrentWorkingView,27-Sep-27,27-Sep-27|27-Sep-27|Oct-P27|Q4-P27|9/27/2027 12:00:00 AM|9/27/2027 12:00:00 AM|9/27/2027 12:00:00 AM|9/27/2027 12:00:00 AM
CurrentWorkingView,04-Oct-27,04-Oct-27|04-Oct-27|Oct-P27|Q4-P27|10/4/2027 12:00:00 AM|10/4/2027 12:00:00 AM|9/27/2027 12:00:00 AM|9/27/2027 12:00:00 AM
CurrentWorkingView,11-Oct-27,11-Oct-27|11-Oct-27|Oct-P27|Q4-P27|10/11/2027 12:00:00 AM|10/11/2027 12:00:00 AM|9/27/2027 12:00:00 AM|9/27/2027 12:00:00 AM
CurrentWorkingView,18-Oct-27,18-Oct-27|18-Oct-27|Oct-P27|Q4-P27|10/18/2027 12:00:00 AM|10/18/2027 12:00:00 AM|9/27/2027 12:00:00 AM|9/27/2027 12:00:00 AM
CurrentWorkingView,25-Oct-27,25-Oct-27|25-Oct-27|Nov-P27|Q4-P27|10/25/2027 12:00:00 AM|10/25/2027 12:00:00 AM|10/25/2027 12:00:00 AM|9/27/2027 12:00:00 AM
CurrentWorkingView,01-Nov-27,01-Nov-27|01-Nov-27|Nov-P27|Q4-P27|11/1/2027 12:00:00 AM|11/1/2027 12:00:00 AM|10/25/2027 12:00:00 AM|9/27/2027 12:00:00 AM
CurrentWorkingView,08-Nov-27,08-Nov-27|08-Nov-27|Nov-P27|Q4-P27|11/8/2027 12:00:00 AM|11/8/2027 12:00:00 AM|10/25/2027 12:00:00 AM|9/27/2027 12:00:00 AM
CurrentWorkingView,15-Nov-27,15-Nov-27|15-Nov-27|Nov-P27|Q4-P27|11/15/2027 12:00:00 AM|11/15/2027 12:00:00 AM|10/25/2027 12:00:00 AM|9/27/2027 12:00:00 AM
CurrentWorkingView,22-Nov-27,22-Nov-27|22-Nov-27|Dec-P27|Q4-P27|11/22/2027 12:00:00 AM|11/22/2027 12:00:00 AM|11/22/2027 12:00:00 AM|9/27/2027 12:00:00 AM
CurrentWorkingView,29-Nov-27,29-Nov-27|29-Nov-27|Dec-P27|Q4-P27|11/29/2027 12:00:00 AM|11/29/2027 12:00:00 AM|11/22/2027 12:00:00 AM|9/27/2027 12:00:00 AM
CurrentWorkingView,06-Dec-27,06-Dec-27|06-Dec-27|Dec-P27|Q4-P27|12/6/2027 12:00:00 AM|12/6/2027 12:00:00 AM|11/22/2027 12:00:00 AM|9/27/2027 12:00:00 AM
CurrentWorkingView,13-Dec-27,13-Dec-27|13-Dec-27|Dec-P27|Q4-P27|12/13/2027 12:00:00 AM|12/13/2027 12:00:00 AM|11/22/2027 12:00:00 AM|9/27/2027 12:00:00 AM
CurrentWorkingView,20-Dec-27,20-Dec-27|20-Dec-27|Dec-P27|Q4-P27|12/20/2027 12:00:00 AM|12/20/2027 12:00:00 AM|11/22/2027 12:00:00 AM|9/27/2027 12:00:00 AM
CurrentWorkingView,27-Dec-27,27-Dec-27|27-Dec-27|Jan-P28|Q1-P28|12/27/2027 12:00:00 AM|12/27/2027 12:00:00 AM|12/27/2027 12:00:00 AM|12/27/2027 12:00:00 AM
CurrentWorkingView,03-Jan-28,03-Jan-28|03-Jan-28|Jan-P28|Q1-P28|1/3/2028 12:00:00 AM|1/3/2028 12:00:00 AM|12/27/2027 12:00:00 AM|12/27/2027 12:00:00 AM
CurrentWorkingView,10-Jan-28,10-Jan-28|10-Jan-28|Jan-P28|Q1-P28|1/10/2028 12:00:00 AM|1/10/2028 12:00:00 AM|12/27/2027 12:00:00 AM|12/27/2027 12:00:00 AM
CurrentWorkingView,17-Jan-28,17-Jan-28|17-Jan-28|Jan-P28|Q1-P28|1/17/2028 12:00:00 AM|1/17/2028 12:00:00 AM|12/27/2027 12:00:00 AM|12/27/2027 12:00:00 AM
CurrentWorkingView,24-Jan-28,24-Jan-28|24-Jan-28|Feb-P28|Q1-P28|1/24/2028 12:00:00 AM|1/24/2028 12:00:00 AM|1/24/2028 12:00:00 AM|12/27/2027 12:00:00 AM
CurrentWorkingView,31-Jan-28,31-Jan-28|31-Jan-28|Feb-P28|Q1-P28|1/31/2028 12:00:00 AM|1/31/2028 12:00:00 AM|1/24/2028 12:00:00 AM|12/27/2027 12:00:00 AM
CurrentWorkingView,07-Feb-28,07-Feb-28|07-Feb-28|Feb-P28|Q1-P28|2/7/2028 12:00:00 AM|2/7/2028 12:00:00 AM|1/24/2028 12:00:00 AM|12/27/2027 12:00:00 AM
CurrentWorkingView,14-Feb-28,14-Feb-28|14-Feb-28|Feb-P28|Q1-P28|2/14/2028 12:00:00 AM|2/14/2028 12:00:00 AM|1/24/2028 12:00:00 AM|12/27/2027 12:00:00 AM
CurrentWorkingView,21-Feb-28,21-Feb-28|21-Feb-28|Mar-P28|Q1-P28|2/21/2028 12:00:00 AM|2/21/2028 12:00:00 AM|2/21/2028 12:00:00 AM|12/27/2027 12:00:00 AM
CurrentWorkingView,28-Feb-28,28-Feb-28|28-Feb-28|Mar-P28|Q1-P28|2/28/2028 12:00:00 AM|2/28/2028 12:00:00 AM|2/21/2028 12:00:00 AM|12/27/2027 12:00:00 AM
CurrentWorkingView,06-Mar-28,06-Mar-28|06-Mar-28|Mar-P28|Q1-P28|3/6/2028 12:00:00 AM|3/6/2028 12:00:00 AM|2/21/2028 12:00:00 AM|12/27/2027 12:00:00 AM
CurrentWorkingView,13-Mar-28,13-Mar-28|13-Mar-28|Mar-P28|Q1-P28|3/13/2028 12:00:00 AM|3/13/2028 12:00:00 AM|2/21/2028 12:00:00 AM|12/27/2027 12:00:00 AM
CurrentWorkingView,20-Mar-28,20-Mar-28|20-Mar-28|Mar-P28|Q1-P28|3/20/2028 12:00:00 AM|3/20/2028 12:00:00 AM|2/21/2028 12:00:00 AM|12/27/2027 12:00:00 AM
CurrentWorkingView,27-Mar-28,27-Mar-28|27-Mar-28|Apr-P28|Q2-P28|3/27/2028 12:00:00 AM|3/27/2028 12:00:00 AM|3/27/2028 12:00:00 AM|3/27/2028 12:00:00 AM
CurrentWorkingView,03-Apr-28,03-Apr-28|03-Apr-28|Apr-P28|Q2-P28|4/3/2028 12:00:00 AM|4/3/2028 12:00:00 AM|3/27/2028 12:00:00 AM|3/27/2028 12:00:00 AM
CurrentWorkingView,10-Apr-28,10-Apr-28|10-Apr-28|Apr-P28|Q2-P28|4/10/2028 12:00:00 AM|4/10/2028 12:00:00 AM|3/27/2028 12:00:00 AM|3/27/2028 12:00:00 AM
CurrentWorkingView,17-Apr-28,17-Apr-28|17-Apr-28|Apr-P28|Q2-P28|4/17/2028 12:00:00 AM|4/17/2028 12:00:00 AM|3/27/2028 12:00:00 AM|3/27/2028 12:00:00 AM
CurrentWorkingView,24-Apr-28,24-Apr-28|24-Apr-28|May-P28|Q2-P28|4/24/2028 12:00:00 AM|4/24/2028 12:00:00 AM|4/24/2028 12:00:00 AM|3/27/2028 12:00:00 AM
CurrentWorkingView,01-May-28,01-May-28|01-May-28|May-P28|Q2-P28|5/1/2028 12:00:00 AM|5/1/2028 12:00:00 AM|4/24/2028 12:00:00 AM|3/27/2028 12:00:00 AM
CurrentWorkingView,08-May-28,08-May-28|08-May-28|May-P28|Q2-P28|5/8/2028 12:00:00 AM|5/8/2028 12:00:00 AM|4/24/2028 12:00:00 AM|3/27/2028 12:00:00 AM
CurrentWorkingView,15-May-28,15-May-28|15-May-28|May-P28|Q2-P28|5/15/2028 12:00:00 AM|5/15/2028 12:00:00 AM|4/24/2028 12:00:00 AM|3/27/2028 12:00:00 AM
CurrentWorkingView,22-May-28,22-May-28|22-May-28|Jun-P28|Q2-P28|5/22/2028 12:00:00 AM|5/22/2028 12:00:00 AM|5/22/2028 12:00:00 AM|3/27/2028 12:00:00 AM
CurrentWorkingView,29-May-28,29-May-28|29-May-28|Jun-P28|Q2-P28|5/29/2028 12:00:00 AM|5/29/2028 12:00:00 AM|5/22/2028 12:00:00 AM|3/27/2028 12:00:00 AM
CurrentWorkingView,05-Jun-28,05-Jun-28|05-Jun-28|Jun-P28|Q2-P28|6/5/2028 12:00:00 AM|6/5/2028 12:00:00 AM|5/22/2028 12:00:00 AM|3/27/2028 12:00:00 AM
CurrentWorkingView,12-Jun-28,12-Jun-28|12-Jun-28|Jun-P28|Q2-P28|6/12/2028 12:00:00 AM|6/12/2028 12:00:00 AM|5/22/2028 12:00:00 AM|3/27/2028 12:00:00 AM
CurrentWorkingView,19-Jun-28,19-Jun-28|19-Jun-28|Jun-P28|Q2-P28|6/19/2028 12:00:00 AM|6/19/2028 12:00:00 AM|5/22/2028 12:00:00 AM|3/27/2028 12:00:00 AM
CurrentWorkingView,26-Jun-28,26-Jun-28|26-Jun-28|Jul-P28|Q3-P28|6/26/2028 12:00:00 AM|6/26/2028 12:00:00 AM|6/26/2028 12:00:00 AM|6/26/2028 12:00:00 AM
CurrentWorkingView,03-Jul-28,03-Jul-28|03-Jul-28|Jul-P28|Q3-P28|7/3/2028 12:00:00 AM|7/3/2028 12:00:00 AM|6/26/2028 12:00:00 AM|6/26/2028 12:00:00 AM
CurrentWorkingView,10-Jul-28,10-Jul-28|10-Jul-28|Jul-P28|Q3-P28|7/10/2028 12:00:00 AM|7/10/2028 12:00:00 AM|6/26/2028 12:00:00 AM|6/26/2028 12:00:00 AM
CurrentWorkingView,17-Jul-28,17-Jul-28|17-Jul-28|Jul-P28|Q3-P28|7/17/2028 12:00:00 AM|7/17/2028 12:00:00 AM|6/26/2028 12:00:00 AM|6/26/2028 12:00:00 AM
CurrentWorkingView,24-Jul-28,24-Jul-28|24-Jul-28|Aug-P28|Q3-P28|7/24/2028 12:00:00 AM|7/24/2028 12:00:00 AM|7/24/2028 12:00:00 AM|6/26/2028 12:00:00 AM
CurrentWorkingView,31-Jul-28,31-Jul-28|31-Jul-28|Aug-P28|Q3-P28|7/31/2028 12:00:00 AM|7/31/2028 12:00:00 AM|7/24/2028 12:00:00 AM|6/26/2028 12:00:00 AM
CurrentWorkingView,07-Aug-28,07-Aug-28|07-Aug-28|Aug-P28|Q3-P28|8/7/2028 12:00:00 AM|8/7/2028 12:00:00 AM|7/24/2028 12:00:00 AM|6/26/2028 12:00:00 AM
CurrentWorkingView,14-Aug-28,14-Aug-28|14-Aug-28|Aug-P28|Q3-P28|8/14/2028 12:00:00 AM|8/14/2028 12:00:00 AM|7/24/2028 12:00:00 AM|6/26/2028 12:00:00 AM
CurrentWorkingView,21-Aug-28,21-Aug-28|21-Aug-28|Sep-P28|Q3-P28|8/21/2028 12:00:00 AM|8/21/2028 12:00:00 AM|8/21/2028 12:00:00 AM|6/26/2028 12:00:00 AM
CurrentWorkingView,28-Aug-28,28-Aug-28|28-Aug-28|Sep-P28|Q3-P28|8/28/2028 12:00:00 AM|8/28/2028 12:00:00 AM|8/21/2028 12:00:00 AM|6/26/2028 12:00:00 AM
CurrentWorkingView,04-Sep-28,04-Sep-28|04-Sep-28|Sep-P28|Q3-P28|9/4/2028 12:00:00 AM|9/4/2028 12:00:00 AM|8/21/2028 12:00:00 AM|6/26/2028 12:00:00 AM
CurrentWorkingView,11-Sep-28,11-Sep-28|11-Sep-28|Sep-P28|Q3-P28|9/11/2028 12:00:00 AM|9/11/2028 12:00:00 AM|8/21/2028 12:00:00 AM|6/26/2028 12:00:00 AM
CurrentWorkingView,18-Sep-28,18-Sep-28|18-Sep-28|Sep-P28|Q3-P28|9/18/2028 12:00:00 AM|9/18/2028 12:00:00 AM|8/21/2028 12:00:00 AM|6/26/2028 12:00:00 AM
CurrentWorkingView,25-Sep-28,25-Sep-28|25-Sep-28|Oct-P28|Q4-P28|9/25/2028 12:00:00 AM|9/25/2028 12:00:00 AM|9/25/2028 12:00:00 AM|9/25/2028 12:00:00 AM
CurrentWorkingView,02-Oct-28,02-Oct-28|02-Oct-28|Oct-P28|Q4-P28|10/2/2028 12:00:00 AM|10/2/2028 12:00:00 AM|9/25/2028 12:00:00 AM|9/25/2028 12:00:00 AM
CurrentWorkingView,09-Oct-28,09-Oct-28|09-Oct-28|Oct-P28|Q4-P28|10/9/2028 12:00:00 AM|10/9/2028 12:00:00 AM|9/25/2028 12:00:00 AM|9/25/2028 12:00:00 AM
CurrentWorkingView,16-Oct-28,16-Oct-28|16-Oct-28|Oct-P28|Q4-P28|10/16/2028 12:00:00 AM|10/16/2028 12:00:00 AM|9/25/2028 12:00:00 AM|9/25/2028 12:00:00 AM
CurrentWorkingView,23-Oct-28,23-Oct-28|23-Oct-28|Nov-P28|Q4-P28|10/23/2028 12:00:00 AM|10/23/2028 12:00:00 AM|10/23/2028 12:00:00 AM|9/25/2028 12:00:00 AM
CurrentWorkingView,30-Oct-28,30-Oct-28|30-Oct-28|Nov-P28|Q4-P28|10/30/2028 12:00:00 AM|10/30/2028 12:00:00 AM|10/23/2028 12:00:00 AM|9/25/2028 12:00:00 AM
CurrentWorkingView,06-Nov-28,06-Nov-28|06-Nov-28|Nov-P28|Q4-P28|11/6/2028 12:00:00 AM|11/6/2028 12:00:00 AM|10/23/2028 12:00:00 AM|9/25/2028 12:00:00 AM
CurrentWorkingView,13-Nov-28,13-Nov-28|13-Nov-28|Nov-P28|Q4-P28|11/13/2028 12:00:00 AM|11/13/2028 12:00:00 AM|10/23/2028 12:00:00 AM|9/25/2028 12:00:00 AM
CurrentWorkingView,20-Nov-28,20-Nov-28|20-Nov-28|Dec-P28|Q4-P28|11/20/2028 12:00:00 AM|11/20/2028 12:00:00 AM|11/20/2028 12:00:00 AM|9/25/2028 12:00:00 AM
CurrentWorkingView,27-Nov-28,27-Nov-28|27-Nov-28|Dec-P28|Q4-P28|11/27/2028 12:00:00 AM|11/27/2028 12:00:00 AM|11/20/2028 12:00:00 AM|9/25/2028 12:00:00 AM
CurrentWorkingView,04-Dec-28,04-Dec-28|04-Dec-28|Dec-P28|Q4-P28|12/4/2028 12:00:00 AM|12/4/2028 12:00:00 AM|11/20/2028 12:00:00 AM|9/25/2028 12:00:00 AM
CurrentWorkingView,11-Dec-28,11-Dec-28|11-Dec-28|Dec-P28|Q4-P28|12/11/2028 12:00:00 AM|12/11/2028 12:00:00 AM|11/20/2028 12:00:00 AM|9/25/2028 12:00:00 AM
CurrentWorkingView,18-Dec-28,18-Dec-28|18-Dec-28|Dec-P28|Q4-P28|12/18/2028 12:00:00 AM|12/18/2028 12:00:00 AM|11/20/2028 12:00:00 AM|9/25/2028 12:00:00 AM
CurrentWorkingView,25-Dec-28,25-Dec-28|25-Dec-28|Jan-P29|Q1-P29|12/25/2028 12:00:00 AM|12/25/2028 12:00:00 AM|12/25/2028 12:00:00 AM|12/25/2028 12:00:00 AM
